Date and Time,AcademicYear,Department,GPA,Interest_AcademicWorkshop,Interest_CareerDev,Interest_SocialActivities,Interest_Sports,Interest_CulturalPrograms,Interest_TechMeetups,ParticipatedBefore,EventTypesAttended,EventAttendanceFrequency,Hypo_TechWorkshop,Hypo_ResumeWorkshop,Hypo_CulturalNight,Hypo_SportsTournament,Hypo_SocialCampaign,Personality,Motivation,FreeDays,PreferredTime,InterestTopics,SkillsToDevelop,Feedback,Recommended Event
7/14/2025 18:06,21/22,Department of Computing,2.75,2,2,2,3,4,5,No,Sports,Sometimes,1,4,3,2,3,"Outgoing, Team-oriented, Creative","Meeting New People, Relaxation/Stress Relief",Any day,Afternoon (12pm-4pm),"Environmental & Social Impact, Artificial Intelligence / Data Science, Web/App Development","Public Speaking, Communication, Creativity, Soft Skills",Clear explanations.,Tech Workshop
7/14/2025 18:14,21/22,Department of Computing,3.87,2,3,5,3,3,4,No,"Tech Meetups, Sports",Sometimes,4,3,5,5,4,"Outgoing, Team-oriented, Curious and eager to learn","Fun and Entertainment, Relaxation/Stress Relief, Meeting New People",Any day,Morning (8am-12pm),"Artificial Intelligence / Data Science, Business / Entrepreneurship, Designing / Creativity","Leadership, Communication, Creativity, Public Speaking",Practical and useful.,Social Engaging
7/14/2025 18:17,22/23,Department of Computing,2.12,5,2,2,1,1,4,No,"Tech Meetups, Academic Workshops, Cultural Events",Rarely,5,2,4,4,4,"Creative, Curious and eager to learn, Team-oriented","Learning New Skills, Relaxation/Stress Relief",Any day,Afternoon (12pm-4pm),"Designing / Creativity, Environmental & Social Impact, Artificial Intelligence / Data Science, Web/App Development","Soft Skills, AI, Public Speaking",Detailed content.,Tech Workshop
7/14/2025 18:22,22/23,Department of Computing,2.75,1,4,2,3,3,4,No,Tech Meetups,Rarely,5,5,2,3,5,"Outgoing, Logical thinker","Career Development, Fun and Entertainment, Relaxation/Stress Relief",Any day,Morning (8am-12pm),"Artificial Intelligence / Data Science, Public Speaking / Soft Skill","Leadership, Creativity, Communication",Could add mock tests.,Tech Workshop
7/14/2025 19:25,21/22,Department of Computing,2.93,4,3,2,1,4,3,No,Sports,Often,3,3,4,1,2,Curious and eager to learn,"Career Development, Fun and Entertainment, Meeting New People",Any day,Night (After 8pm),"Designing / Creativity, Artificial Intelligence / Data Science, Web/App Development, Public Speaking / Soft Skill","Public Speaking, Communication",Too general.,Social Engaging
7/14/2025 20:15,21/22,Department of Computing,3.69,4,2,2,4,5,5,No,"Career Development, Tech Meetups",Always,4,4,2,1,5,Creative,"Learning New Skills, Fun and Entertainment",Weekdays,Evening (4pm-8pm),"Environmental & Social Impact, Public Speaking / Soft Skill","Communication, Public Speaking, AI, Leadership",Well-structured.,Social Engaging
7/14/2025 20:16,22/23,Department of Computing,2.73,2,5,2,1,5,3,Yes,"Career Development, None",Always,5,1,3,3,3,Creative,"Career Development, Relaxation/Stress Relief, Fun and Entertainment",Weekends,Afternoon (12pm-4pm),"Health and Wellbeing, Designing / Creativity, Environmental & Social Impact, Business / Entrepreneurship","Communication, Creativity",Lacked detail.,Career Development
7/14/2025 20:43,21/22,Department of Computing,3.13,1,1,2,5,1,3,Yes,"Cultural Events, Academic Workshops",Often,3,1,3,2,2,"Outgoing, Curious and eager to learn, Logical thinker","Relaxation/Stress Relief, Meeting New People",Weekdays,Afternoon (12pm-4pm),"Public Speaking / Soft Skill, Artificial Intelligence / Data Science","Communication, Leadership",Include gaming events.,Social Engaging
7/14/2025 20:51,21/22,Department of Computing,2.14,3,2,1,1,1,2,Yes,Social Service Activities,Sometimes,2,2,4,1,5,Logical thinker,"Fun and Entertainment, Relaxation/Stress Relief, Learning New Skills",Any day,Morning (8am-12pm),"Business / Entrepreneurship, Artificial Intelligence / Data Science","AI, Leadership, Public Speaking, Soft Skills",,Social Engaging
7/14/2025 21:17,20/21,Department of Computing,3.14,4,3,2,1,4,3,No,Sports,Often,3,3,4,1,2,Curious and eager to learn,"Career Development, Fun and Entertainment, Meeting New People",Any day,Night (After 8pm),"Designing / Creativity, Artificial Intelligence / Data Science, Web/App Development, Public Speaking / Soft Skill","Public Speaking, Communication",Include volunteering slots.,Social Engaging
7/14/2025 22:01,21/22,Department of Computing,3.46,4,1,4,3,3,3,Yes,"Tech Meetups, Academic Workshops, Sports",Sometimes,3,5,3,5,2,"Curious and eager to learn, Logical thinker",Relaxation/Stress Relief,Weekdays,Afternoon (12pm-4pm),"Public Speaking / Soft Skill, Artificial Intelligence / Data Science","Creativity, Leadership",Include movie nights.,Social Engaging
7/14/2025 22:02,22/23,Department of Computing,2.14,1,2,5,5,1,3,Yes,Tech Meetups,Never,4,3,2,5,4,"Logical thinker, Outgoing, Creative","Career Development, Fun and Entertainment",Weekends,Morning (8am-12pm),"Business / Entrepreneurship, Public Speaking / Soft Skill","Public Speaking, Leadership, Communication, Creativity",Could be shorter.,Hackathon
7/14/2025 22:43,21/22,Department of Computing,2.98,3,1,4,3,1,2,Yes,"Tech Meetups, Academic Workshops",Sometimes,3,1,1,2,5,"Curious and eager to learn, Logical thinker","Learning New Skills, Relaxation/Stress Relief, Fun and Entertainment",Weekdays,Night (After 8pm),"Health and Wellbeing, Environmental & Social Impact","Public Speaking, Soft Skills",Add talent shows.,Social Engaging
7/14/2025 22:47,20/21,Department of Computing,2.16,4,5,4,3,1,3,Yes,"Tech Meetups, Cultural Events",Often,1,3,5,3,1,"Curious and eager to learn, Creative",Career Development,Weekdays,Afternoon (12pm-4pm),"Designing / Creativity, Health and Wellbeing, Artificial Intelligence / Data Science, Environmental & Social Impact","Soft Skills, Communication, Creativity",More open-ended.,Career Development
7/14/2025 23:17,22/23,Department of Computing,2.08,1,1,2,5,1,3,Yes,"Cultural Events, Academic Workshops",Often,3,1,3,2,2,"Outgoing, Curious and eager to learn, Logical thinker","Relaxation/Stress Relief, Meeting New People",Weekdays,Afternoon (12pm-4pm),"Public Speaking / Soft Skill, Artificial Intelligence / Data Science","Communication, Leadership",Include tech expos.,Hackathon
7/14/2025 23:17,22/23,Department of Computing,3.83,4,1,4,3,3,3,Yes,"Tech Meetups, Academic Workshops, Sports",Sometimes,3,5,3,5,2,"Curious and eager to learn, Logical thinker",Relaxation/Stress Relief,Weekdays,Afternoon (12pm-4pm),"Public Speaking / Soft Skill, Artificial Intelligence / Data Science","Creativity, Leadership",Add cultural clubs.,Career Development
7/14/2025 23:41,20/21,Department of Computing,2.55,4,2,2,4,5,5,No,"Career Development, Tech Meetups",Always,4,4,2,1,5,Creative,"Learning New Skills, Fun and Entertainment",Weekdays,Evening (4pm-8pm),"Environmental & Social Impact, Public Speaking / Soft Skill","Communication, Public Speaking, AI, Leadership",Include alumni meet.,Tech Workshop
7/15/2025 0:23,22/23,Department of Computing,2.87,1,4,2,3,3,4,No,Tech Meetups,Rarely,5,5,2,3,5,"Outgoing, Logical thinker","Career Development, Fun and Entertainment, Relaxation/Stress Relief",Any day,Morning (8am-12pm),"Artificial Intelligence / Data Science, Public Speaking / Soft Skill","Leadership, Creativity, Communication",Add science fairs.,Career Development
7/15/2025 9:07,22/23,Department of Computing,2.98,5,2,5,2,2,3,Yes,"Academic Workshops, Sports, Cultural Events",Sometimes,5,3,2,1,1,Outgoing,"Meeting New People, Fun and Entertainment",Weekdays,Afternoon (12pm-4pm),"Artificial Intelligence / Data Science, Web/App Development, Public Speaking / Soft Skill","AI, Communication, Public Speaking, Soft Skills",Add international events.,Social Engaging
7/15/2025 9:51,21/22,Department of Computing,2.28,3,5,3,5,1,4,Yes,"Academic Workshops, Career Development",Sometimes,3,1,4,3,3,Logical thinker,Meeting New People,Weekdays,Evening (4pm-8pm),"Health and Wellbeing, Designing / Creativity, Public Speaking / Soft Skill, Web/App Development","Soft Skills, Communication, Creativity, AI",Add mentoring programs.,Hackathon
7/15/2025 11:37,22/23,Department of Computing,2.03,1,2,5,5,1,3,Yes,Tech Meetups,Never,4,3,2,5,4,"Logical thinker, Outgoing, Creative","Career Development, Fun and Entertainment",Weekends,Morning (8am-12pm),"Business / Entrepreneurship, Public Speaking / Soft Skill","Public Speaking, Leadership, Communication, Creativity",Add online seminars.,Social Engaging
7/15/2025 11:59,20/21,Department of Computing,2.18,2,1,2,4,3,5,No,Sports,Sometimes,3,1,1,3,4,"Team-oriented, Outgoing","Relaxation/Stress Relief, Learning New Skills",Weekends,Night (After 8pm),"Business / Entrepreneurship, Artificial Intelligence / Data Science, Public Speaking / Soft Skill, Web/App Development","Soft Skills, Leadership, AI",,Tech Workshop
7/15/2025 13:15,20/21,Department of Computing,3.71,1,2,4,4,1,4,Yes,"Cultural Events, Career Development, Sports",Sometimes,3,1,3,3,1,"Creative, Outgoing","Fun and Entertainment, Meeting New People",Weekends,Morning (8am-12pm),"Artificial Intelligence / Data Science, Environmental & Social Impact, Web/App Development, Public Speaking / Soft Skill","Soft Skills, Creativity",Include industry visits.,Hackathon
7/15/2025 13:20,22/23,Department of Computing,2.46,1,2,4,4,1,4,Yes,"Cultural Events, Career Development, Sports",Sometimes,3,1,3,3,1,"Creative, Outgoing","Fun and Entertainment, Meeting New People",Weekends,Morning (8am-12pm),"Artificial Intelligence / Data Science, Environmental & Social Impact, Web/App Development, Public Speaking / Soft Skill","Soft Skills, Creativity",,Hackathon
7/15/2025 13:20,20/21,Department of Computing,2.73,5,5,5,1,3,5,Yes,"Tech Meetups, Cultural Events, Career Development",Sometimes,5,2,4,1,4,"Creative, Logical thinker","Fun and Entertainment, Career Development, Learning New Skills",Any day,Afternoon (12pm-4pm),"Environmental & Social Impact, Public Speaking / Soft Skill, Web/App Development","Communication, Creativity, Public Speaking",Missing entrepreneurship programs.,Tech Workshop
7/15/2025 13:24,20/21,Department of Computing,2.16,3,2,1,1,1,2,Yes,Social Service Activities,Sometimes,2,2,4,1,5,Logical thinker,"Fun and Entertainment, Relaxation/Stress Relief, Learning New Skills",Any day,Morning (8am-12pm),"Business / Entrepreneurship, Artificial Intelligence / Data Science","AI, Leadership, Public Speaking, Soft Skills",,Social Engaging
7/15/2025 13:43,20/21,Department of Computing,2.59,1,2,4,4,1,4,Yes,"Cultural Events, Career Development, Sports",Sometimes,3,1,3,3,1,"Creative, Outgoing","Fun and Entertainment, Meeting New People",Weekends,Morning (8am-12pm),"Artificial Intelligence / Data Science, Environmental & Social Impact, Web/App Development, Public Speaking / Soft Skill","Soft Skills, Creativity",Add debate competitions.,Social Engaging
7/15/2025 13:46,21/22,Department of Computing,3.76,5,2,5,2,2,3,Yes,"Academic Workshops, Sports, Cultural Events",Sometimes,5,3,2,1,1,Outgoing,"Meeting New People, Fun and Entertainment",Weekdays,Afternoon (12pm-4pm),"Artificial Intelligence / Data Science, Web/App Development, Public Speaking / Soft Skill","AI, Communication, Public Speaking, Soft Skills",,Tech Workshop
7/15/2025 14:30,20/21,Department of Computing,3.63,5,1,5,5,2,3,No,"None, Career Development, Cultural Events",Sometimes,1,2,3,2,2,"Creative, Outgoing, Logical thinker","Career Development, Relaxation/Stress Relief, Fun and Entertainment",Any day,Night (After 8pm),"Health and Wellbeing, Designing / Creativity, Environmental & Social Impact, Business / Entrepreneurship","Leadership, Soft Skills, Public Speaking, AI",More interactive events.,Social Engaging
7/15/2025 15:01,21/22,Department of Computing,3.45,1,1,2,5,1,3,Yes,"Cultural Events, Academic Workshops",Often,3,1,3,2,2,"Outgoing, Curious and eager to learn, Logical thinker","Relaxation/Stress Relief, Meeting New People",Weekdays,Afternoon (12pm-4pm),"Public Speaking / Soft Skill, Artificial Intelligence / Data Science","Communication, Leadership",,Hackathon
7/15/2025 15:28,20/21,Department of Computing,3.55,5,5,5,1,3,5,Yes,"Tech Meetups, Cultural Events, Career Development",Sometimes,5,2,4,1,4,"Creative, Logical thinker","Fun and Entertainment, Career Development, Learning New Skills",Any day,Afternoon (12pm-4pm),"Environmental & Social Impact, Public Speaking / Soft Skill, Web/App Development","Communication, Creativity, Public Speaking",Include faculty talks.,Social Engaging
7/15/2025 16:22,20/21,Department of Computing,3.55,5,5,5,1,3,5,Yes,"Tech Meetups, Cultural Events, Career Development",Sometimes,5,2,4,1,4,"Creative, Logical thinker","Fun and Entertainment, Career Development, Learning New Skills",Any day,Afternoon (12pm-4pm),"Environmental & Social Impact, Public Speaking / Soft Skill, Web/App Development","Communication, Creativity, Public Speaking",Well-structured.,Tech Workshop
7/15/2025 16:23,21/22,Department of Computing,2.72,3,2,1,1,1,2,Yes,Social Service Activities,Sometimes,2,2,4,1,5,Logical thinker,"Fun and Entertainment, Relaxation/Stress Relief, Learning New Skills",Any day,Morning (8am-12pm),"Business / Entrepreneurship, Artificial Intelligence / Data Science","AI, Leadership, Public Speaking, Soft Skills",Add charity events.,Social Engaging
7/15/2025 17:03,22/23,Department of Computing,2.48,5,5,5,5,5,2,Yes,"Cultural Events, None",Sometimes,2,2,1,4,1,"Logical thinker, Creative, Curious and eager to learn",Relaxation/Stress Relief,Weekends,Evening (4pm-8pm),"Environmental & Social Impact, Artificial Intelligence / Data Science, Designing / Creativity, Public Speaking / Soft Skill","Public Speaking, Creativity, Leadership, Soft Skills",,Social Engaging
7/15/2025 17:15,20/21,Department of Computing,2.25,1,2,5,5,1,3,Yes,Tech Meetups,Never,4,3,2,5,4,"Logical thinker, Outgoing, Creative","Career Development, Fun and Entertainment",Weekends,Morning (8am-12pm),"Business / Entrepreneurship, Public Speaking / Soft Skill","Public Speaking, Leadership, Communication, Creativity",Include guest lectures.,Hackathon
7/15/2025 18:25,22/23,Department of Computing,2.23,5,1,5,5,2,3,No,"None, Career Development, Cultural Events",Sometimes,1,2,3,2,2,"Creative, Outgoing, Logical thinker","Career Development, Relaxation/Stress Relief, Fun and Entertainment",Any day,Night (After 8pm),"Health and Wellbeing, Designing / Creativity, Environmental & Social Impact, Business / Entrepreneurship","Leadership, Soft Skills, Public Speaking, AI",,Social Engaging
7/15/2025 18:32,22/23,Department of Computing,2.24,3,1,5,2,1,2,No,"Social Service Activities, None",Never,2,3,3,3,4,"Curious and eager to learn, Outgoing","Fun and Entertainment, Learning New Skills, Meeting New People",Weekdays,Night (After 8pm),"Business / Entrepreneurship, Designing / Creativity, Health and Wellbeing","Leadership, AI",More detailed choices.,Social Engaging
7/15/2025 20:19,22/23,Department of Computing,2.62,4,3,2,1,4,3,No,Sports,Often,3,3,4,1,2,Curious and eager to learn,"Career Development, Fun and Entertainment, Meeting New People",Any day,Night (After 8pm),"Designing / Creativity, Artificial Intelligence / Data Science, Web/App Development, Public Speaking / Soft Skill","Public Speaking, Communication",,Social Engaging
7/15/2025 20:47,20/21,Department of Computing,2.95,5,1,5,5,2,3,No,"None, Career Development, Cultural Events",Sometimes,1,2,3,2,2,"Creative, Outgoing, Logical thinker","Career Development, Relaxation/Stress Relief, Fun and Entertainment",Any day,Night (After 8pm),"Health and Wellbeing, Designing / Creativity, Environmental & Social Impact, Business / Entrepreneurship","Leadership, Soft Skills, Public Speaking, AI",Add sports training.,Social Engaging
7/15/2025 20:58,20/21,Department of Computing,2.09,4,1,3,3,3,1,No,"None, Academic Workshops, Social Service Activities",Always,4,1,2,5,3,"Logical thinker, Team-oriented, Outgoing",Fun and Entertainment,Any day,Afternoon (12pm-4pm),"Public Speaking / Soft Skill, Designing / Creativity, Environmental & Social Impact","AI, Creativity",,Hackathon
7/15/2025 22:17,22/23,Department of Computing,3.09,3,3,5,2,2,2,No,Tech Meetups,Never,3,4,5,4,5,"Creative, Team-oriented, Curious and eager to learn","Learning New Skills, Career Development, Fun and Entertainment",Any day,Evening (4pm-8pm),"Health and Wellbeing, Artificial Intelligence / Data Science","Creativity, Communication",,Social Engaging
7/15/2025 23:01,22/23,Department of Computing,3.09,3,3,5,2,2,2,No,Tech Meetups,Never,3,4,5,4,5,"Creative, Team-oriented, Curious and eager to learn","Learning New Skills, Career Development, Fun and Entertainment",Any day,Evening (4pm-8pm),"Health and Wellbeing, Artificial Intelligence / Data Science","Creativity, Communication",,Social Engaging
7/16/2025 9:01,21/22,Department of Computing,2.72,3,2,1,1,1,2,Yes,Social Service Activities,Sometimes,2,2,4,1,5,Logical thinker,"Fun and Entertainment, Relaxation/Stress Relief, Learning New Skills",Any day,Morning (8am-12pm),"Business / Entrepreneurship, Artificial Intelligence / Data Science","AI, Leadership, Public Speaking, Soft Skills",Easy to understand.,Social Engaging
7/16/2025 9:24,22/23,Department of Computing,2.48,5,5,5,5,5,2,Yes,"Cultural Events, None",Sometimes,2,2,1,4,1,"Logical thinker, Creative, Curious and eager to learn",Relaxation/Stress Relief,Weekends,Evening (4pm-8pm),"Environmental & Social Impact, Artificial Intelligence / Data Science, Designing / Creativity, Public Speaking / Soft Skill","Public Speaking, Creativity, Leadership, Soft Skills",,Hackathon
7/16/2025 9:37,20/21,Department of Computing,2.25,1,2,5,5,1,3,Yes,Tech Meetups,Never,4,3,2,5,4,"Logical thinker, Outgoing, Creative","Career Development, Fun and Entertainment",Weekends,Morning (8am-12pm),"Business / Entrepreneurship, Public Speaking / Soft Skill","Public Speaking, Leadership, Communication, Creativity",,Hackathon
7/16/2025 9:38,22/23,Department of Computing,2.23,5,1,5,5,2,3,No,"None, Career Development, Cultural Events",Sometimes,1,2,3,2,2,"Creative, Outgoing, Logical thinker","Career Development, Relaxation/Stress Relief, Fun and Entertainment",Any day,Night (After 8pm),"Health and Wellbeing, Designing / Creativity, Environmental & Social Impact, Business / Entrepreneurship","Leadership, Soft Skills, Public Speaking, AI",Add internships.,Social Engaging
7/16/2025 10:37,22/23,Department of Computing,2.24,3,1,5,2,1,2,No,"Social Service Activities, None",Never,2,3,3,3,4,"Curious and eager to learn, Outgoing","Fun and Entertainment, Learning New Skills, Meeting New People",Weekdays,Night (After 8pm),"Business / Entrepreneurship, Designing / Creativity, Health and Wellbeing","Leadership, AI",,Social Engaging
7/16/2025 12:16,22/23,Department of Computing,2.62,4,3,2,1,4,3,No,Sports,Often,3,3,4,1,2,Curious and eager to learn,"Career Development, Fun and Entertainment, Meeting New People",Any day,Night (After 8pm),"Designing / Creativity, Artificial Intelligence / Data Science, Web/App Development, Public Speaking / Soft Skill","Public Speaking, Communication",Include fun fairs.,Social Engaging
7/16/2025 12:32,20/21,Department of Computing,2.95,5,1,5,5,2,3,No,"None, Career Development, Cultural Events",Sometimes,1,2,3,2,2,"Creative, Outgoing, Logical thinker","Career Development, Relaxation/Stress Relief, Fun and Entertainment",Any day,Night (After 8pm),"Health and Wellbeing, Designing / Creativity, Environmental & Social Impact, Business / Entrepreneurship","Leadership, Soft Skills, Public Speaking, AI",,Hackathon
7/16/2025 13:38,20/21,Department of Computing,2.09,4,1,3,3,3,1,No,"None, Academic Workshops, Social Service Activities",Always,4,1,2,5,3,"Logical thinker, Team-oriented, Outgoing",Fun and Entertainment,Any day,Afternoon (12pm-4pm),"Public Speaking / Soft Skill, Designing / Creativity, Environmental & Social Impact","AI, Creativity",More weekend options.,Hackathon
7/16/2025 14:09,22/23,Department of Computing,3.09,3,3,5,2,2,2,No,Tech Meetups,Never,3,4,5,4,5,"Creative, Team-oriented, Curious and eager to learn","Learning New Skills, Career Development, Fun and Entertainment",Any day,Evening (4pm-8pm),"Health and Wellbeing, Artificial Intelligence / Data Science","Creativity, Communication",,Social Engaging
7/16/2025 15:56,21/22,Department of Computing,3.34,4,2,2,4,5,5,No,"Career Development, Tech Meetups",Always,4,4,2,1,5,Creative,"Learning New Skills, Fun and Entertainment",Weekdays,Evening (4pm-8pm),"Environmental & Social Impact, Public Speaking / Soft Skill","Communication, Public Speaking, AI, Leadership",Add cultural night.,Social Engaging
7/16/2025 16:05,20/21,Department of Computing,3.93,2,3,2,1,4,1,Yes,"Cultural Events, Career Development",Often,1,1,3,1,3,"Curious and eager to learn, Logical thinker",Meeting New People,Any day,Night (After 8pm),"Designing / Creativity, Web/App Development, Environmental & Social Impact, Health and Wellbeing","Creativity, Public Speaking",,Social Engaging
7/16/2025 17:07,20/21,Department of Computing,2.87,1,5,1,5,5,4,Yes,Social Service Activities,Often,5,5,4,2,3,"Creative, Curious and eager to learn",Career Development,Any day,Morning (8am-12pm),"Business / Entrepreneurship, Health and Wellbeing, Artificial Intelligence / Data Science","Soft Skills, Creativity, Communication, Leadership",Time slots not flexible.,Career Development
7/16/2025 17:21,21/22,Department of Computing,3.58,1,1,2,5,1,3,Yes,"Cultural Events, Academic Workshops",Often,3,1,3,2,2,"Outgoing, Curious and eager to learn, Logical thinker","Relaxation/Stress Relief, Meeting New People",Weekdays,Afternoon (12pm-4pm),"Public Speaking / Soft Skill, Artificial Intelligence / Data Science","Communication, Leadership",,Hackathon
7/16/2025 18:57,20/21,Department of Computing,3.27,2,3,2,5,4,5,Yes,"Career Development, None, Sports",Rarely,2,4,5,4,4,Creative,"Relaxation/Stress Relief, Meeting New People",Any day,Afternoon (12pm-4pm),"Designing / Creativity, Health and Wellbeing, Business / Entrepreneurship, Web/App Development","Communication, Leadership, Public Speaking, Creativity",Need flexible timings.,Tech Workshop
7/16/2025 19:47,20/21,Department of Computing,3.5,2,4,4,2,1,1,Yes,"None, Social Service Activities, Tech Meetups",Sometimes,5,4,2,4,5,"Outgoing, Team-oriented, Logical thinker","Meeting New People, Learning New Skills",Any day,Night (After 8pm),"Public Speaking / Soft Skill, Business / Entrepreneurship, Artificial Intelligence / Data Science, Environmental & Social Impact","Public Speaking, Communication",Great idea.,Career Development
7/16/2025 19:50,21/22,Department of Computing,3.68,4,1,3,3,3,1,No,"None, Academic Workshops, Social Service Activities",Always,4,1,2,5,3,"Logical thinker, Team-oriented, Outgoing",Fun and Entertainment,Any day,Afternoon (12pm-4pm),"Public Speaking / Soft Skill, Designing / Creativity, Environmental & Social Impact","AI, Creativity",No difficulties.,Hackathon
7/16/2025 20:09,22/23,Department of Computing,2.81,3,3,5,2,2,2,No,Tech Meetups,Never,3,4,5,4,5,"Creative, Team-oriented, Curious and eager to learn","Learning New Skills, Career Development, Fun and Entertainment",Any day,Evening (4pm-8pm),"Health and Wellbeing, Artificial Intelligence / Data Science","Creativity, Communication",Clear instructions.,Social Engaging
7/16/2025 20:31,21/22,Department of Computing,2.58,2,5,2,1,5,3,Yes,"Career Development, None",Always,5,4,3,3,3,Creative,"Career Development, Relaxation/Stress Relief, Fun and Entertainment",Weekends,Afternoon (12pm-4pm),"Health and Wellbeing, Designing / Creativity, Environmental & Social Impact, Business / Entrepreneurship","Communication, Creativity",Good effort.,Career Development
7/16/2025 22:18,20/21,Department of Computing,3.97,3,5,3,5,1,4,Yes,"Academic Workshops, Career Development",Sometimes,5,1,4,3,3,Logical thinker,Meeting New People,Weekdays,Evening (4pm-8pm),"Health and Wellbeing, Designing / Creativity, Public Speaking / Soft Skill, Web/App Development","Soft Skills, Communication, Creativity, AI",Smooth experience.,Hackathon
7/16/2025 22:20,20/21,Department of Computing,3.5,1,4,2,3,3,4,No,Tech Meetups,Rarely,5,5,2,3,5,"Outgoing, Logical thinker","Career Development, Fun and Entertainment, Relaxation/Stress Relief",Any day,Morning (8am-12pm),"Artificial Intelligence / Data Science, Public Speaking / Soft Skill","Leadership, Creativity, Communication",Covers everything.,Career Development
7/16/2025 22:44,22/23,Department of Computing,3.54,2,3,2,5,4,5,Yes,"Career Development, None, Sports",Rarely,5,4,3,4,4,Creative,"Relaxation/Stress Relief, Meeting New People",Any day,Afternoon (12pm-4pm),"Designing / Creativity, Health and Wellbeing, Business / Entrepreneurship, Web/App Development","Communication, Leadership, Public Speaking, Creativity",Nicely built.,Tech Workshop
7/16/2025 23:25,21/22,Department of Computing,3.69,2,5,1,1,1,2,Yes,"Sports, Tech Meetups",Sometimes,2,4,3,4,2,"Creative, Logical thinker","Fun and Entertainment, Relaxation/Stress Relief, Learning New Skills",Any day,Evening (4pm-8pm),"Health and Wellbeing, Designing / Creativity","Soft Skills, Communication",,Career Development
7/17/2025 9:15,20/21,Department of Computing,2.68,3,2,1,1,5,2,Yes,Social Service Activities,Sometimes,2,2,4,1,5,Logical thinker,"Fun and Entertainment, Relaxation/Stress Relief, Learning New Skills",Any day,Morning (8am-12pm),"Business / Entrepreneurship, Artificial Intelligence / Data Science","AI, Leadership, Public Speaking, Soft Skills",Simple yet effective.,Social Engaging
7/17/2025 9:20,20/21,Department of Computing,2.74,4,5,4,1,3,3,No,"Cultural Events, None, Academic Workshops",Often,4,5,2,3,5,"Creative, Logical thinker, Outgoing","Relaxation/Stress Relief, Learning New Skills, Meeting New People",Weekdays,Morning (8am-12pm),"Web/App Development, Health and Wellbeing, Environmental & Social Impact","Creativity, Soft Skills, Leadership",Loved the interactive parts.,Career Development
7/17/2025 9:45,20/21,Department of Computing,3.39,3,2,5,5,1,4,Yes,"Academic Workshops, Career Development",Sometimes,3,1,4,3,3,Logical thinker,Meeting New People,Weekdays,Evening (4pm-8pm),"Health and Wellbeing, Designing / Creativity, Public Speaking / Soft Skill, Web/App Development","Soft Skills, Communication, Creativity, AI",Engaging sessions.,Social Engaging
7/17/2025 9:46,21/22,Department of Computing,2.21,5,2,2,5,1,3,Yes,Tech Meetups,Never,4,3,2,5,3,"Logical thinker, Outgoing, Creative","Career Development, Fun and Entertainment",Weekends,Morning (8am-12pm),"Business / Entrepreneurship, Public Speaking / Soft Skill","Public Speaking, Leadership, Communication, Creativity",Could include competitions.,Hackathon
7/17/2025 10:15,22/23,Department of Computing,2.78,5,2,1,1,1,2,Yes,Social Service Activities,Sometimes,2,2,3,4,2,Logical thinker,"Fun and Entertainment, Relaxation/Stress Relief, Learning New Skills",Any day,Morning (8am-12pm),"Business / Entrepreneurship, Artificial Intelligence / Data Science","AI, Leadership, Public Speaking, Soft Skills",Friendly design.,Hackathon
7/17/2025 10:18,20/21,Department of Computing,2.94,1,2,5,5,1,3,Yes,Tech Meetups,Never,3,3,2,5,4,"Logical thinker, Outgoing, Creative","Career Development, Fun and Entertainment",Weekends,Morning (8am-12pm),"Business / Entrepreneurship, Public Speaking / Soft Skill","Public Speaking, Leadership, Communication, Creativity",Add more checkboxes.,Social Engaging
7/17/2025 10:21,22/23,Department of Computing,3.43,5,2,3,3,2,5,No,"None, Career Development, Cultural Events",Sometimes,5,2,3,2,2,"Creative, Outgoing, Logical thinker","Career Development, Relaxation/Stress Relief, Fun and Entertainment",Any day,Night (After 8pm),"Health and Wellbeing, Designing / Creativity, Environmental & Social Impact, Business / Entrepreneurship","Leadership, Soft Skills, Public Speaking, AI",Rating scale too small.,Tech Workshop
7/17/2025 10:26,22/23,Department of Computing,3.21,3,1,4,2,2,3,No,"Social Service Activities, None",Rarely,3,2,3,1,4,"Curious and eager to learn, Outgoing, Team-oriented",Career Development,Weekends,Evening (4pm-8pm),"Health and Wellbeing, Business / Entrepreneurship","Communication, Soft Skills",Add food/drink events.,Social Engaging
7/17/2025 12:12,20/21,Department of Computing,2.62,5,1,3,4,2,3,No,"Social Service Activities, None",Rarely,4,2,3,5,4,"Curious and eager to learn, Outgoing, Team-oriented",Career Development,Weekends,Evening (4pm-8pm),"Health and Wellbeing, Business / Entrepreneurship","Communication, Soft Skills",Should include 5 points scale.,Hackathon
7/17/2025 13:00,20/21,Department of Computing,2.62,5,5,3,2,2,3,No,"Social Service Activities, None",Rarely,3,2,3,1,4,"Curious and eager to learn, Outgoing, Team-oriented",Career Development,Weekends,Evening (4pm-8pm),"Health and Wellbeing, Business / Entrepreneurship","Communication, Soft Skills",Simple layout.,Career Development
7/17/2025 14:02,20/21,Department of Computing,3.93,2,3,4,2,4,1,Yes,"None, Social Service Activities, Tech Meetups",Sometimes,3,1,2,4,5,"Outgoing, Team-oriented, Logical thinker","Meeting New People, Learning New Skills",Any day,Night (After 8pm),"Public Speaking / Soft Skill, Business / Entrepreneurship, Artificial Intelligence / Data Science, Environmental & Social Impact","Public Speaking, Communication",,Social Engaging
7/17/2025 14:29,20/21,Department of Computing,2.3,5,5,5,5,3,2,Yes,"Cultural Events, None",Sometimes,4,5,1,4,1,"Logical thinker, Creative, Curious and eager to learn",Relaxation/Stress Relief,Weekends,Evening (4pm-8pm),"Environmental & Social Impact, Artificial Intelligence / Data Science, Designing / Creativity, Public Speaking / Soft Skill","Public Speaking, Creativity, Leadership, Soft Skills",,Career Development
7/17/2025 15:29,20/21,Department of Computing,2.3,2,5,3,3,3,3,Yes,"Cultural Events, None",Sometimes,4,4,1,3,1,"Logical thinker, Creative, Curious and eager to learn",Relaxation/Stress Relief,Weekends,Evening (4pm-8pm),"Environmental & Social Impact, Artificial Intelligence / Data Science, Designing / Creativity, Public Speaking / Soft Skill","Public Speaking, Creativity, Leadership, Soft Skills",Could include volunteering.,Career Development
7/17/2025 16:30,21/22,Department of Computing,3.84,1,2,5,5,3,3,Yes,Tech Meetups,Never,3,3,4,5,4,"Logical thinker, Outgoing, Creative","Career Development, Fun and Entertainment",Weekends,Morning (8am-12pm),"Business / Entrepreneurship, Public Speaking / Soft Skill","Public Speaking, Leadership, Communication, Creativity",Compact form.,Social Engaging
7/17/2025 17:07,21/22,Department of Computing,2.1,5,2,4,4,1,5,Yes,"Tech Meetups, Academic Workshops",Sometimes,4,2,1,4,3,"Curious and eager to learn, Logical thinker","Learning New Skills, Relaxation/Stress Relief, Fun and Entertainment",Weekdays,Night (After 8pm),"Health and Wellbeing, Environmental & Social Impact","Public Speaking, Soft Skills",More career options.,Hackathon
7/17/2025 19:52,21/22,Department of Computing,2.1,4,3,2,3,1,5,Yes,"Tech Meetups, Academic Workshops",Sometimes,5,1,1,2,2,"Curious and eager to learn, Logical thinker","Learning New Skills, Relaxation/Stress Relief, Fun and Entertainment",Weekdays,Night (After 8pm),"Health and Wellbeing, Environmental & Social Impact","Public Speaking, Soft Skills",Covers key points.,Tech Workshop
7/17/2025 20:52,22/23,Department of Computing,2.22,3,3,5,4,4,2,Yes,None,Sometimes,2,3,4,4,5,"Outgoing, Curious and eager to learn","Meeting New People, Learning New Skills",Weekends,Night (After 8pm),"Business / Entrepreneurship, Public Speaking / Soft Skill, Designing / Creativity","Communication, Soft Skills, AI",,Social Engaging
7/17/2025 21:06,21/22,Department of Computing,2.79,5,5,3,3,3,5,Yes,"Career Development, None, Sports",Rarely,5,5,3,3,3,Creative,"Relaxation/Stress Relief, Meeting New People",Any day,Afternoon (12pm-4pm),"Designing / Creativity, Health and Wellbeing, Business / Entrepreneurship, Web/App Development","Communication, Leadership, Public Speaking, Creativity",Nothing unnecessary.,Career Development
7/17/2025 22:09,21/22,Department of Computing,3.8,5,3,3,3,3,5,No,"None, Academic Workshops, Social Service Activities",Always,5,4,2,3,3,"Logical thinker, Team-oriented, Outgoing",Fun and Entertainment,Any day,Afternoon (12pm-4pm),"Public Speaking / Soft Skill, Designing / Creativity, Environmental & Social Impact","AI, Creativity",Add group projects,Tech Workshop
7/17/2025 23:02,22/23,Department of Computing,2.23,3,4,5,4,4,3,Yes,"Career Development, Sports, Cultural Events",Sometimes,3,4,4,4,5,"Outgoing, Team-oriented","Relaxation/Stress Relief, Career Development",Weekdays,Afternoon (12pm-4pm),"Business / Entrepreneurship, Artificial Intelligence / Data Science, Designing / Creativity, Environmental & Social Impact","Creativity, Public Speaking, Leadership",Add mental health activities.,Social Engaging
7/17/2025 23:27,20/21,Department of Computing,3.31,5,4,2,4,2,4,Yes,"Academic Workshops,Tech Meetups,Sports",Sometimes,4,3,2,1,3,Logical thinker,"Fun and Entertainment, Relaxation/Stress Relief, Learning New Skills",Any day,Morning (8am-12pm),"Business / Entrepreneurship, Artificial Intelligence / Data Science","AI, Leadership, Public Speaking, Soft Skills",Need open suggestions box.,Hackathon
7/17/2025 23:49,20/21,Department of Computing,2.35,3,2,5,3,4,3,Yes,"Social Service Activities, None",Rarely,3,2,4,1,5,"Curious and eager to learn, Outgoing, Team-oriented",Fun Entertainment,Weekends,Evening (4pm-8pm),"Health and Wellbeing, Business / Entrepreneurship","Communication, Soft Skills",Properly arranged.,Social Engaging
7/18/2025 10:16,20/21,Department of Computing,2.35,4,3,3,3,2,5,Yes,Tech Meetups,Rarely,5,4,3,1,3,"Curious and eager to learn, Outgoing, Team-oriented",Meeting New People,Weekends,Evening (4pm-8pm),"Health and Wellbeing, Business / Entrepreneurship","Communication, Soft Skills",Logical questions.,Tech Meetups
7/18/2025 12:17,22/23,Department of Computing,3.48,4,5,3,4,3,4,Yes,"Career Development, Tech Meetups",Always,4,4,3,2,3,Creative,"Learning New Skills, Fun and Entertainment",Weekdays,Evening (4pm-8pm),"Environmental & Social Impact, Public Speaking / Soft Skill","Communication, Public Speaking, AI, Leadership",Hope this will help students ,Tech Meetups
7/18/2025 13:57,22/23,Department of Computing,3.38,3,3,5,4,4,2,Yes,"None, Social Service Activities, Tech Meetups",Sometimes,3,1,2,4,5,"Outgoing, Team-oriented, Logical thinker","Meeting New People, Learning New Skills",Any day,Night (After 8pm),"Public Speaking / Soft Skill, Business / Entrepreneurship, Artificial Intelligence / Data Science, Environmental & Social Impact","Public Speaking, Communication",Effective structure.,Social Engagement
7/18/2025 15:01,22/23,Department of Computing,3.38,2,4,4,2,3,1,Yes,"None, Social Service Activities, Tech Meetups",Sometimes,3,1,3,4,5,"Outgoing, Team-oriented, Logical thinker","Meeting New People, Learning New Skills",Any day,Night (After 8pm),"Public Speaking / Soft Skill, Business / Entrepreneurship, Artificial Intelligence / Data Science, Environmental & Social Impact","Public Speaking, Communication",Great idea.,Social Engagement
7/18/2025 16:04,22/23,Department of Computing,3.6,4,3,2,4,3,5,Yes,"Tech Meetups,Sports",Sometimes,5,3,1,3,4,"Team-oriented, Outgoing","Relaxation/Stress Relief, Learning New Skills",Weekends,Night (After 8pm),"Business / Entrepreneurship, Artificial Intelligence / Data Science, Public Speaking / Soft Skill, Web/App Development","Soft Skills, Leadership, AI",Easy to follow.,Tech Meetups
7/18/2025 16:11,22/23,Department of Computing,3.25,5,4,3,4,3,4,No," Academic Workshops,Sports",Often,4,2,3,4,3,"Creative, Logical thinker, Outgoing","Relaxation/Stress Relief, Learning New Skills, Meeting New People",Weekdays,Morning (8am-12pm),"Web/App Development, Health and Wellbeing, Environmental & Social Impact","Creativity, Soft Skills, Leadership",Add hackathon slots.,Hackathon
7/18/2025 16:41,21/22,Department of Computing,2.99,4,4,2,3,3,5,No,"Career Development, Tech Meetups",Always,5,4,2,3,3,Creative,"Learning New Skills, Fun and Entertainment",Weekdays,Evening (4pm-8pm),"Environmental & Social Impact, Public Speaking / Soft Skill","Communication, Public Speaking, AI, Leadership",,Tech Meetups
7/18/2025 17:53,21/22,Department of Computing,2.73,5,4,1,4,1,4,Yes,"Sports, Tech Meetups",Sometimes,4,4,2,4,2,"Creative, Logical thinker","Fun and Entertainment, Relaxation/Stress Relief, Learning New Skills",Any day,Evening (4pm-8pm),"Health and Wellbeing, Designing / Creativity","Soft Skills, Communication",Add career fairs.,Hackathon
7/18/2025 17:55,20/21,Department of Computing,2.95,5,4,4,4,3,3,Yes,"Tech Meetups, Academic Workshops, Sports",Sometimes,3,5,3,5,2,"Curious and eager to learn, Logical thinker",Relaxation/Stress Relief,Weekdays,Afternoon (12pm-4pm),"Public Speaking / Soft Skill, Artificial Intelligence / Data Science","Creativity, Leadership",Include volunteering slots.,Hackathon
7/18/2025 18:55,20/21,Department of Computing,3.09,4,5,2,3,3,4,No,"Career Development, Tech Meetups",Always,4,4,2,1,4,Creative,"Learning New Skills, Fun and Entertainment",Weekdays,Evening (4pm-8pm),"Environmental & Social Impact, Public Speaking / Soft Skill","Communication, Public Speaking, AI, Leadership",Missing coding events.,Career Development
7/18/2025 18:56,20/21,Department of Computing,3.09,4,3,2,4,3,5,No,"Career Development, Tech Meetups",Always,4,4,3,1,5,Creative,"Learning New Skills, Fun and Entertainment",Weekdays,Evening (4pm-8pm),"Environmental & Social Impact, Public Speaking / Soft Skill","Communication, Public Speaking, AI, Leadership",Could be shorter.,Tech Meetups
7/18/2025 19:26,22/23,Department of Computing,3.89,2,3,5,4,3,4,No,"Tech Meetups, Sports",Sometimes,4,3,5,5,4,"Outgoing, Team-oriented, Curious and eager to learn","Fun and Entertainment, Relaxation/Stress Relief, Meeting New People",Any day,Morning (8am-12pm),"Artificial Intelligence / Data Science, Business / Entrepreneurship, Designing / Creativity","Leadership, Communication, Creativity, Public Speaking",More workshops needed.,Social Engagement
7/18/2025 19:33,22/23,Department of Computing,2.93,1,4,2,3,3,4,No,Tech Meetups,Rarely,5,5,2,3,3,"Outgoing, Logical thinker","Career Development, Fun and Entertainment, Relaxation/Stress Relief",Any day,Morning (8am-12pm),"Artificial Intelligence / Data Science, Public Speaking / Soft Skill","Leadership, Creativity, Communication",More open-ended.,Tech Meetups
7/18/2025 19:34,21/22,Department of Computing,3.12,3,2,1,1,1,2,Yes,Social Service Activities,Sometimes,2,2,4,1,5,Logical thinker,"Fun and Entertainment, Relaxation/Stress Relief, Learning New Skills",Any day,Morning (8am-12pm),"Business / Entrepreneurship, Artificial Intelligence / Data Science","AI, Leadership, Public Speaking, Soft Skills",Add design events.,Social Engaging 
7/18/2025 20:06,20/21,Department of Computing,3.16,5,2,2,1,1,4,No,"Tech Meetups, Academic Workshops, Cultural Events",Rarely,5,2,4,4,4,"Creative, Curious and eager to learn, Team-oriented","Learning New Skills, Relaxation/Stress Relief",Any day,Afternoon (12pm-4pm),"Designing / Creativity, Environmental & Social Impact, Artificial Intelligence / Data Science, Web/App Development","Soft Skills, AI, Public Speaking",Add cultural clubs.,Hackathon
7/18/2025 20:46,22/23,Department of Computing,2.94,1,5,1,5,5,4,Yes,Social Service Activities,Often,5,5,4,2,3,"Creative, Curious and eager to learn",Career Development,Any day,Morning (8am-12pm),"Business / Entrepreneurship, Health and Wellbeing, Artificial Intelligence / Data Science","Soft Skills, Creativity, Communication, Leadership",More social events.,Career Development
7/18/2025 20:56,22/23,Department of Computing,3.64,4,3,2,1,4,3,No,Sports,Often,3,3,4,1,2,Curious and eager to learn,"Career Development, Fun and Entertainment, Meeting New People",Any day,Night (After 8pm),"Designing / Creativity, Artificial Intelligence / Data Science, Web/App Development, Public Speaking / Soft Skill","Public Speaking, Communication",Add science fairs.,Social Engaging 
7/18/2025 22:02,21/22,Department of Computing,3.65,1,2,5,5,1,3,Yes,Tech Meetups,Never,4,3,2,5,4,"Logical thinker, Outgoing, Creative","Career Development, Fun and Entertainment",Weekends,Morning (8am-12pm),"Business / Entrepreneurship, Public Speaking / Soft Skill","Public Speaking, Leadership, Communication, Creativity",Add festival celebrations.,Social Engaging 
7/18/2025 22:02,20/21,Department of Computing,3.41,1,5,1,5,5,4,Yes,Social Service Activities,Often,5,5,4,2,3,"Creative, Curious and eager to learn",Career Development,Any day,Morning (8am-12pm),"Business / Entrepreneurship, Health and Wellbeing, Artificial Intelligence / Data Science","Soft Skills, Creativity, Communication, Leadership",Add mentoring programs.,Career Development
7/18/2025 22:10,22/23,Department of Computing,2.94,3,4,5,4,2,2,No,"Career Development, Sports, Cultural Events",Sometimes,4,5,4,4,5,"Outgoing, Team-oriented","Relaxation/Stress Relief, Career Development",Weekdays,Afternoon (12pm-4pm),"Business / Entrepreneurship, Artificial Intelligence / Data Science, Designing / Creativity, Environmental & Social Impact","Creativity, Public Speaking, Leadership",Include gaming events.,Social Engaging 
7/18/2025 23:06,22/23,Department of Computing,2.49,3,3,5,2,2,2,No,Tech Meetups,Never,3,4,5,4,5,"Creative, Team-oriented, Curious and eager to learn","Learning New Skills, Career Development, Fun and Entertainment",Any day,Evening (4pm-8pm),"Health and Wellbeing, Artificial Intelligence / Data Science","Creativity, Communication",Include faculty talks.,Social Engaging 
7/18/2025 23:32,20/21,Department of Computing,2.39,5,1,4,5,2,5,No,"Social Service Activities, None",Rarely,5,3,3,4,2,"Curious and eager to learn, Outgoing, Team-oriented",Career Development,Weekends,Evening (4pm-8pm),"Health and Wellbeing, Business / Entrepreneurship","Communication, Soft Skills",Missing entrepreneurship programs.,Hackathon
7/18/2025 23:43,20/21,Department of Computing,2.41,1,1,2,5,1,3,Yes,"Cultural Events, Academic Workshops",Often,3,1,3,2,4,"Outgoing, Curious and eager to learn, Logical thinker","Relaxation/Stress Relief, Meeting New People",Weekdays,Afternoon (12pm-4pm),"Public Speaking / Soft Skill, Artificial Intelligence / Data Science","Communication, Leadership",,Social Engaging 
7/19/2025 9:12,21/22,Department of Computing,2.8,3,4,3,4,2,5,No,"Career Development, Sports, Cultural Events",Sometimes,5,5,3,4,3,"Outgoing, Team-oriented","Relaxation/Stress Relief, Career Development",Weekdays,Afternoon (12pm-4pm),"Business / Entrepreneurship, Artificial Intelligence / Data Science, Designing / Creativity, Environmental & Social Impact","Creativity, Public Speaking, Leadership",Add debate competitions.,Tech Meetups
7/19/2025 12:48,21/22,Department of Computing,2.54,2,3,2,1,4,1,Yes,"Cultural Events, Career Development",Often,1,1,3,1,3,"Curious and eager to learn, Logical thinker",Meeting New People,Any day,Night (After 8pm),"Designing / Creativity, Web/App Development, Environmental & Social Impact, Health and Wellbeing","Creativity, Public Speaking",,Career Development
7/19/2025 13:01,20/21,Department of Computing,2.85,5,2,3,4,2,4,Yes,"Academic Workshops, Sports, Cultural Events",Sometimes,5,3,2,1,1,Outgoing,"Meeting New People, Fun and Entertainment",Weekdays,Afternoon (12pm-4pm),"Artificial Intelligence / Data Science, Web/App Development, Public Speaking / Soft Skill","AI, Communication, Public Speaking, Soft Skills",Too basic.,Tech Meetups
7/19/2025 13:15,21/22,Department of Computing,3.55,5,5,5,1,3,5,Yes,"Tech Meetups, Cultural Events, Career Development",Sometimes,5,2,4,1,4,"Creative, Logical thinker","Fun and Entertainment, Career Development, Learning New Skills",Any day,Afternoon (12pm-4pm),"Environmental & Social Impact, Public Speaking / Soft Skill, Web/App Development","Communication, Creativity, Public Speaking",More interactive events.,Tech Meetups
7/19/2025 13:47,21/22,Department of Computing,3.43,4,5,3,3,4,4,No,"Academic Workshops, Career Development, None",Always,3,1,2,4,5,"Creative, Logical thinker","Fun and Entertainment, Relaxation/Stress Relief",Weekends,Afternoon (12pm-4pm),"Environmental & Social Impact, Public Speaking / Soft Skill, Business / Entrepreneurship, Artificial Intelligence / Data Science","AI, Public Speaking",Questions feel incomplete.,Social Engaging 
7/19/2025 14:22,22/23,Department of Computing,3.97,2,3,2,1,4,1,Yes,"Cultural Events, Career Development",Often,1,1,3,1,3,"Curious and eager to learn, Logical thinker",Meeting New People,Any day,Night (After 8pm),,"Creativity, Public Speaking",Not enough options.,Social Engaging 
7/19/2025 15:02,20/21,Department of Computing,2.13,1,2,5,5,1,3,Yes,Tech Meetups,Never,4,3,2,5,4,"Logical thinker, Outgoing, Creative","Career Development, Fun and Entertainment",Weekends,Morning (8am-12pm),"Business / Entrepreneurship, Public Speaking / Soft Skill","Public Speaking, Leadership, Communication, Creativity",GPA not needed.,Social Engaging 
7/19/2025 15:20,21/22,Department of Computing,3.91,1,4,2,3,3,4,No,Tech Meetups,Rarely,5,5,2,3,5,"Outgoing, Logical thinker","Career Development, Fun and Entertainment, Relaxation/Stress Relief",Any day,Morning (8am-12pm),"Artificial Intelligence / Data Science, Public Speaking / Soft Skill","Leadership, Creativity, Communication",Repetitive questions.,Career Development
7/19/2025 16:21,21/22,Department of Computing,3.87,3,2,1,1,1,2,Yes,Social Service Activities,Sometimes,2,2,4,1,5,Logical thinker,"Fun and Entertainment, Relaxation/Stress Relief, Learning New Skills",Any day,Morning (8am-12pm),"Business / Entrepreneurship, Artificial Intelligence / Data Science","AI, Leadership, Public Speaking, Soft Skills",Too plain.,Social Engaging 
7/19/2025 16:51,20/21,Department of Computing,3.8,1,1,2,5,1,3,Yes,"Cultural Events, Academic Workshops",Often,3,1,3,2,2,"Outgoing, Curious and eager to learn, Logical thinker","Relaxation/Stress Relief, Meeting New People",Weekdays,Afternoon (12pm-4pm),"Public Speaking / Soft Skill, Artificial Intelligence / Data Science","Communication, Leadership",Lacks detail.,Social Engaging 
7/19/2025 18:02,20/21,Department of Computing,3.41,5,3,2,4,2,4,No,Sports,Often,3,3,4,1,2,Curious and eager to learn,"Career Development, Fun and Entertainment, Meeting New People",Any day,Night (After 8pm),"Designing / Creativity, Artificial Intelligence / Data Science, Web/App Development, Public Speaking / Soft Skill","Designing / Creativity, Web/App Development, Environmental & Social Impact, Health and Wellbeing",,Hackathon
7/19/2025 19:03,20/21,Department of Computing,2.37,2,4,4,2,1,1,Yes,"None, Social Service Activities, Tech Meetups",Sometimes,5,1,2,4,5,"Outgoing, Team-oriented, Logical thinker","Meeting New People, Learning New Skills",Any day,Night (After 8pm),"Public Speaking / Soft Skill, Business / Entrepreneurship, Artificial Intelligence / Data Science, Environmental & Social Impact","Public Speaking, Communication",More advanced topics needed.,Career Development
7/19/2025 20:05,20/21,Department of Computing,3.74,4,1,4,4,3,5,Yes,"Tech Meetups, Academic Workshops, Sports",Sometimes,5,5,3,4,2,"Curious and eager to learn, Logical thinker",Relaxation/Stress Relief,Weekdays,Afternoon (12pm-4pm),"Public Speaking / Soft Skill, Artificial Intelligence / Data Science","Creativity, Leadership",Very limited.,Tech Meetups
7/19/2025 21:09,20/21,Department of Computing,3.62,3,3,5,2,2,2,No,Tech Meetups,Never,3,4,5,4,5,"Creative, Team-oriented, Curious and eager to learn","Learning New Skills, Career Development, Fun and Entertainment",Any day,Evening (4pm-8pm),"Health and Wellbeing, Artificial Intelligence / Data Science","Creativity, Communication",Add career fairs.,Social Engaging 
7/19/2025 21:14,20/21,Department of Computing,2.04,5,4,4,5,2,4,No,"Academic Workshops, Sports, ",Often,4,1,5,3,5,"Creative, Logical thinker, Outgoing","Relaxation/Stress Relief, Learning New Skills, Meeting New People",Weekdays,Morning (8am-12pm),"Web/App Development, Health and Wellbeing, Environmental & Social Impact","Creativity, Soft Skills, Leadership",More workshops needed.,Tech Meetups
7/19/2025 21:32,22/23,Department of Computing,2.39,3,1,4,2,2,3,No,"Social Service Activities, None",Rarely,3,2,3,1,4,"Curious and eager to learn, Outgoing, Team-oriented",Career Development,Weekends,Evening (4pm-8pm),"Health and Wellbeing, Business / Entrepreneurship","Communication, Soft Skills",More social events.,Social Engaging 
7/19/2025 21:47,21/22,Department of Computing,2.07,1,2,4,4,1,4,Yes,"Cultural Events, Career Development, Sports",Sometimes,3,1,3,3,1,"Creative, Outgoing","Fun and Entertainment, Meeting New People",Weekends,Morning (8am-12pm),"Artificial Intelligence / Data Science, Environmental & Social Impact, Web/App Development, Public Speaking / Soft Skill","Soft Skills, Creativity",Add design events.,Social Engaging 
7/19/2025 22:09,22/23,Department of Computing,3.97,4,2,2,4,5,5,No,"Career Development, Tech Meetups",Always,4,4,2,1,5,Creative,"Learning New Skills, Fun and Entertainment",Weekdays,Evening (4pm-8pm),"Environmental & Social Impact, Public Speaking / Soft Skill","Communication, Public Speaking, AI, Leadership",Not meaningful.,Tech Meetups
7/19/2025 22:12,22/23,Department of Computing,2.54,5,1,5,5,2,3,No,"None, Career Development, Cultural Events",Sometimes,1,2,3,2,2,"Creative, Outgoing, Logical thinker","Career Development, Relaxation/Stress Relief, Fun and Entertainment",Any day,Night (After 8pm),"Health and Wellbeing, Designing / Creativity, Environmental & Social Impact, Business / Entrepreneurship","Leadership, Soft Skills, Public Speaking, AI",Easy to understand.,Hackathon
7/19/2025 22:41,21/22,Department of Computing,3.32,2,4,4,2,1,1,Yes,"None, Social Service Activities, Tech Meetups",Sometimes,5,1,2,4,5,"Outgoing, Team-oriented, Logical thinker","Meeting New People, Learning New Skills",Any day,Night (After 8pm),"Public Speaking / Soft Skill, Business / Entrepreneurship, Artificial Intelligence / Data Science, Environmental & Social Impact","Public Speaking, Communication",,Tech Meetups
7/19/2025 22:45,20/21,Department of Computing,2.73,3,4,5,4,2,2,No,"Career Development, Sports, Cultural Events",Sometimes,4,5,4,4,3,"Outgoing, Team-oriented","Relaxation/Stress Relief, Career Development",Weekdays,Afternoon (12pm-4pm),"Business / Entrepreneurship, Artificial Intelligence / Data Science, Designing / Creativity, Environmental & Social Impact","Creativity, Public Speaking, Leadership",Doesn’t reflect reality.,Social Engaging 
7/19/2025 23:27,22/23,Department of Computing,3.15,3,3,5,2,2,5,No,Tech Meetups,Never,5,4,2,4,5,"Creative, Team-oriented, Curious and eager to learn","Learning New Skills, Career Development, Fun and Entertainment",Any day,Evening (4pm-8pm),"Health and Wellbeing, Artificial Intelligence / Data Science","Creativity, Communication",,Tech Meetups
7/19/2025 23:44,22/23,Department of Computing,3.13,3,1,5,3,1,2,Yes,"Tech Meetups, Academic Workshops",Sometimes,3,1,1,2,5,"Curious and eager to learn, Logical thinker","Learning New Skills, Relaxation/Stress Relief, Fun and Entertainment",Weekdays,Night (After 8pm),"Health and Wellbeing, Environmental & Social Impact","Public Speaking, Soft Skills",Looking forward,Social Engaging 
7/20/2025 0:01,22/23,Department of Computing,3.17,1,4,2,4,3,5,No,Tech Meetups,Rarely,5,5,2,3,5,"Outgoing, Logical thinker","Career Development, Fun and Entertainment, Relaxation/Stress Relief",Any day,Morning (8am-12pm),"Artificial Intelligence / Data Science, Public Speaking / Soft Skill","Leadership, Creativity, Communication",Simple examples helped.,Tech Meetups
7/20/2025 0:06,21/22,Department of Computing,2.02,5,5,5,5,3,3,Yes,"Cultural Events, None",Sometimes,3,2,1,4,1,"Logical thinker, Creative, Curious and eager to learn",Relaxation/Stress Relief,Weekends,Evening (4pm-8pm),"Environmental & Social Impact, Artificial Intelligence / Data Science, Designing / Creativity, Public Speaking / Soft Skill","Public Speaking, Creativity, Leadership, Soft Skills",,Hackathon
7/20/2025 9:36,21/22,Department of Computing,3.9,1,5,1,5,5,4,Yes,Career Development,Often,5,5,4,2,3,"Creative, Curious and eager to learn",Career Development,Any day,Morning (8am-12pm),"Business / Entrepreneurship, Health and Wellbeing, Artificial Intelligence / Data Science","Soft Skills, Creativity, Communication, Leadership",Survey feels long.,Career Development
7/20/2025 9:57,22/23,Department of Computing,3.44,4,3,4,4,1,4,Yes,"Cultural Events, Career Development, Sports",Sometimes,5,4,3,3,1,"Creative, Outgoing","Fun and Entertainment, Meeting New People",Weekends,Morning (8am-12pm),"Artificial Intelligence / Data Science, Environmental & Social Impact, Web/App Development, Public Speaking / Soft Skill","Soft Skills, Creativity",Too structured.,Tech Meetups
7/20/2025 10:00,20/21,Department of Computing,2.11,2,4,3,5,1,3,Yes,"Cultural Events, Academic Workshops,Sports",Often,3,1,3,4,2,"Outgoing, Curious and eager to learn, Logical thinker","Relaxation/Stress Relief, Meeting New People",Weekdays,Afternoon (12pm-4pm),"Public Speaking / Soft Skill, Artificial Intelligence / Data Science","Communication, Leadership",Too few time slots.,Social Engaging 
7/20/2025 10:40,22/23,Department of Computing,3.31,4,2,2,4,5,5,No,"Career Development, Tech Meetups",Always,4,4,2,1,5,Creative,"Learning New Skills, Fun and Entertainment",Weekdays,Evening (4pm-8pm),"Environmental & Social Impact, Public Speaking / Soft Skill","Communication, Public Speaking, AI, Leadership",GPA feels irrelevant.,Tech Meetups
7/20/2025 10:41,22/23,Department of Computing,3.97,3,4,5,4,5,3,Yes,"Tech Meetups, Cultural Events, Career Development",Sometimes,3,2,5,1,4,"Creative, Logical thinker","Fun and Entertainment, Career Development, Learning New Skills",Any day,Afternoon (12pm-4pm),"Environmental & Social Impact, Public Speaking / Soft Skill, Web/App Development","Communication, Creativity, Public Speaking",Balanced and clear.,Social Engaging 
7/20/2025 11:28,22/23,Department of Computing,3.35,2,3,4,1,4,1,Yes,"Cultural Events, Career Development",Often,1,1,3,1,3,"Curious and eager to learn, Logical thinker",Meeting New People,Any day,Night (After 8pm),"Designing / Creativity, Web/App Development, Environmental & Social Impact, Health and Wellbeing","Creativity, Public Speaking",Too limited scope.,Social Engaging 
7/20/2025 12:18,21/22,Department of Computing,2.5,4,5,2,1,4,3,No,"Career Development,Sports",Often,4,4,4,1,2,Curious and eager to learn,"Career Development, Fun and Entertainment, Meeting New People",Any day,Night (After 8pm),"Designing / Creativity, Artificial Intelligence / Data Science, Web/App Development, Public Speaking / Soft Skill","Public Speaking, Communication",Feels unnecessary.,Career Development
7/20/2025 13:07,20/21,Department of Computing,3.1,5,5,5,1,3,3,Yes,"Tech Meetups, Cultural Events, Career Development",Sometimes,5,2,4,1,4,"Creative, Logical thinker","Fun and Entertainment, Career Development, Learning New Skills",Any day,Afternoon (12pm-4pm),"Environmental & Social Impact, Public Speaking / Soft Skill, Web/App Development","Communication, Creativity, Public Speaking",Hard to relate.,Social Engaging 
7/20/2025 13:18,20/21,Department of Computing,3.9,2,5,2,1,3,3,Yes,"Career Development, None",Always,5,4,3,3,3,Creative,"Career Development, Relaxation/Stress Relief, Fun and Entertainment",Weekends,Afternoon (12pm-4pm),"Health and Wellbeing, Designing / Creativity, Environmental & Social Impact, Business / Entrepreneurship","Communication, Creativity",,Career Development
7/20/2025 14:12,20/21,Department of Computing,2.83,3,3,5,5,5,2,Yes,"Cultural Events, None",Sometimes,2,2,1,4,1,"Logical thinker, Creative, Curious and eager to learn",Relaxation/Stress Relief,Weekends,Evening (4pm-8pm),"Environmental & Social Impact, Artificial Intelligence / Data Science, Designing / Creativity, Public Speaking / Soft Skill","Public Speaking, Creativity, Leadership, Soft Skills",Best wishes to your AI,Social Engaging 
7/20/2025 14:17,20/21,Department of Computing,2.69,5,5,5,1,3,5,Yes,"Tech Meetups, Cultural Events, Career Development",Sometimes,5,2,4,1,4,"Creative, Logical thinker","Fun and Entertainment, Career Development, Learning New Skills",Any day,Afternoon (12pm-4pm),"Environmental & Social Impact, Public Speaking / Soft Skill, Web/App Development","Communication, Creativity, Public Speaking",Plain format.,Tech Meetups
7/20/2025 14:23,20/21,Department of Computing,2.4,2,4,5,5,4,2,Yes,"Sports, ",Sometimes,2,1,5,4,2,"Creative, Logical thinker","Fun and Entertainment, Relaxation/Stress Relief, Learning New Skills",Any day,Evening (4pm-8pm),"Health and Wellbeing, Designing / Creativity","Soft Skills, Communication",Boring to answer.,Social Engaging 
7/20/2025 14:49,20/21,Department of Computing,3.86,4,5,3,5,4,4,No,"Academic Workshops, Career Development, None",Always,4,4,3,4,2,"Creative, Logical thinker","Fun and Entertainment, Relaxation/Stress Relief",Weekends,Afternoon (12pm-4pm),"Environmental & Social Impact, Public Speaking / Soft Skill, Business / Entrepreneurship, Artificial Intelligence / Data Science","AI, Public Speaking",Easy to understand.,Hackathon
7/20/2025 14:52,20/21,Department of Computing,3.55,4,2,3,4,3,4,Yes,"Tech Meetups, Academic Workshops, Sports",Sometimes,3,5,3,5,2,"Curious and eager to learn, Logical thinker",Relaxation/Stress Relief,Weekdays,Afternoon (12pm-4pm),"Public Speaking / Soft Skill, Artificial Intelligence / Data Science","Creativity, Leadership",,Hackathon
7/20/2025 15:04,20/21,Department of Computing,2.44,2,5,2,2,3,4,Yes,"Cultural Events, Career Development",Often,1,1,3,1,3,"Curious and eager to learn, Logical thinker",Meeting New People,Any day,Night (After 8pm),"Designing / Creativity, Web/App Development, Environmental & Social Impact, Health and Wellbeing","Creativity, Public Speaking",Too short.,Career Development
7/20/2025 15:15,20/21,Department of Computing,3.28,3,5,3,5,1,4,Yes,"Academic Workshops, Career Development",Sometimes,3,4,3,3,3,Logical thinker,Meeting New People,Weekdays,Evening (4pm-8pm),"Health and Wellbeing, Designing / Creativity, Public Speaking / Soft Skill, Web/App Development","Soft Skills, Communication, Creativity, AI",Too straightforward.,Career Development
7/20/2025 16:20,21/22,Department of Computing,3.8,5,5,5,1,3,5,Yes,"Tech Meetups, Cultural Events, Career Development",Sometimes,5,2,4,1,4,"Creative, Logical thinker","Fun and Entertainment, Career Development, Learning New Skills",Any day,Afternoon (12pm-4pm),"Environmental & Social Impact, Public Speaking / Soft Skill, Web/App Development","Communication, Creativity, Public Speaking",Needed more Q&A.,Hackathon
7/20/2025 17:12,20/21,Department of Computing,3.91,5,2,5,2,2,3,Yes,"Academic Workshops, Sports, Cultural Events",Sometimes,5,3,2,1,1,Outgoing,"Meeting New People, Fun and Entertainment",Weekdays,Afternoon (12pm-4pm),"Artificial Intelligence / Data Science, Web/App Development, Public Speaking / Soft Skill","AI, Communication, Public Speaking, Soft Skills",Lacked detail.,Hackathon
7/20/2025 17:32,21/22,Department of Computing,3.54,2,1,2,4,3,5,No,Sports,Sometimes,3,1,1,3,4,"Team-oriented, Outgoing","Relaxation/Stress Relief, Learning New Skills",Weekends,Night (After 8pm),"Business / Entrepreneurship, Artificial Intelligence / Data Science, Public Speaking / Soft Skill, Web/App Development","Soft Skills, Leadership, AI",Useful for academics.,Tech Meetups
7/20/2025 17:43,20/21,Department of Computing,2.36,5,5,5,1,3,5,Yes,"Tech Meetups, Cultural Events, Career Development",Sometimes,5,2,4,1,4,"Creative, Logical thinker","Fun and Entertainment, Career Development, Learning New Skills",Any day,Afternoon (12pm-4pm),"Environmental & Social Impact, Public Speaking / Soft Skill, Web/App Development","Communication, Creativity, Public Speaking",best regarts ,Tech Meetups
7/20/2025 18:14,22/23,Department of Computing,2.69,4,3,2,1,4,3,No,Sports,Often,3,3,4,1,2,Curious and eager to learn,"Career Development, Fun and Entertainment, Meeting New People",Any day,Night (After 8pm),"Designing / Creativity, Artificial Intelligence / Data Science, Web/App Development, Public Speaking / Soft Skill","Public Speaking, Communication",Questions too simple.,Hackathon
7/20/2025 18:20,21/22,Department of Computing,3.79,5,1,5,5,2,3,No,"None, Career Development, Cultural Events",Sometimes,1,2,3,2,2,"Creative, Outgoing, Logical thinker","Career Development, Relaxation/Stress Relief, Fun and Entertainment",Any day,Night (After 8pm),"Health and Wellbeing, Designing / Creativity, Environmental & Social Impact, Business / Entrepreneurship","Leadership, Soft Skills, Public Speaking, AI",Need more real-world cases.,Social Engaging Activities
7/20/2025 18:41,20/21,Department of Computing,2.58,4,2,2,4,5,5,No,"Career Development, Tech Meetups",Always,4,4,2,1,5,Creative,"Learning New Skills, Fun and Entertainment",Weekdays,Evening (4pm-8pm),"Environmental & Social Impact, Public Speaking / Soft Skill","Communication, Public Speaking, AI, Leadership",Not student-centered.,Career Development
7/20/2025 18:53,21/22,Department of Computing,2.55,3,1,5,2,1,2,No,"Social Service Activities, None",Never,2,3,3,3,4,"Curious and eager to learn, Outgoing","Fun and Entertainment, Learning New Skills, Meeting New People",Weekdays,Night (After 8pm),"Business / Entrepreneurship, Designing / Creativity, Health and Wellbeing","Leadership, AI",it will help many students ,Career Development
7/20/2025 19:16,20/21,Department of Computing,2.12,2,3,2,5,4,5,Yes,"Career Development, None, Sports",Rarely,2,4,5,4,4,Creative,"Relaxation/Stress Relief, Meeting New People",Any day,Afternoon (12pm-4pm),"Designing / Creativity, Health and Wellbeing, Business / Entrepreneurship, Web/App Development","Communication, Leadership, Public Speaking, Creativity",Doesn’t cover hobbies.,leardership Programs
7/20/2025 19:57,20/21,Department of Computing,2.75,5,1,5,5,2,3,No,"None, Career Development, Cultural Events",Sometimes,1,2,3,2,2,"Creative, Outgoing, Logical thinker","Career Development, Relaxation/Stress Relief, Fun and Entertainment",Any day,Night (After 8pm),"Health and Wellbeing, Designing / Creativity, Environmental & Social Impact, Business / Entrepreneurship","Leadership, Soft Skills, Public Speaking, AI",Doesn’t ask about interests.,Social Engaging Activities
7/20/2025 20:09,20/21,Department of Computing,2.76,3,3,5,2,2,2,No,Tech Meetups,Never,3,4,5,4,5,"Creative, Team-oriented, Curious and eager to learn","Learning New Skills, Career Development, Fun and Entertainment",Any day,Evening (4pm-8pm),"Health and Wellbeing, Artificial Intelligence / Data Science","Creativity, Communication",Boring design.,Hackathon
7/20/2025 20:54,20/21,Department of Computing,3.54,2,3,2,1,4,1,Yes,"Cultural Events, Career Development",Often,1,1,3,1,3,"Curious and eager to learn, Logical thinker",Meeting New People,Any day,Night (After 8pm),"Designing / Creativity, Web/App Development, Environmental & Social Impact, Health and Wellbeing","Creativity, Public Speaking",Too formal.,Social Engaging Activities
7/20/2025 21:41,20/21,Department of Computing,3.3,5,2,2,1,1,4,No,"Tech Meetups, Academic Workshops, Cultural Events",Rarely,5,2,4,4,4,"Creative, Curious and eager to learn, Team-oriented","Learning New Skills, Relaxation/Stress Relief",Any day,Afternoon (12pm-4pm),"Designing / Creativity, Environmental & Social Impact, Artificial Intelligence / Data Science, Web/App Development","Soft Skills, AI, Public Speaking",,Hackathon
7/20/2025 22:02,21/22,Department of Computing,2.5,3,2,1,1,1,2,Yes,Social Service Activities,Sometimes,2,2,4,1,5,Logical thinker,"Fun and Entertainment, Relaxation/Stress Relief, Learning New Skills",Any day,Morning (8am-12pm),"Business / Entrepreneurship, Artificial Intelligence / Data Science","AI, Leadership, Public Speaking, Soft Skills",Doesn’t match interests.,Tech Meetups
7/20/2025 22:34,21/22,Department of Computing,3.9,1,2,4,4,1,4,Yes,"Cultural Events, Career Development, Sports",Sometimes,3,1,3,3,1,"Creative, Outgoing","Fun and Entertainment, Meeting New People",Weekends,Morning (8am-12pm),"Artificial Intelligence / Data Science, Environmental & Social Impact, Web/App Development, Public Speaking / Soft Skill","Soft Skills, Creativity",Doesn’t cover cultural side.,Hackathon
7/20/2025 22:44,20/21,Department of Computing,2.99,3,1,4,2,2,3,No,"Social Service Activities, None",Rarely,3,2,3,1,4,"Curious and eager to learn, Outgoing, Team-oriented",Career Development,Weekends,Evening (4pm-8pm),"Health and Wellbeing, Business / Entrepreneurship","Communication, Soft Skills",Too academic.,Career Development
7/20/2025 23:03,22/23,Department of Computing,3.45,4,5,3,3,4,4,No,"Academic Workshops, Career Development, None",Always,3,1,5,4,2,"Creative, Logical thinker","Fun and Entertainment, Relaxation/Stress Relief",Weekends,Afternoon (12pm-4pm),"Environmental & Social Impact, Public Speaking / Soft Skill, Business / Entrepreneurship, Artificial Intelligence / Data Science","AI, Public Speaking",,Hackathon
7/20/2025 23:04,21/22,Department of Computing,2.49,3,4,5,4,2,2,No,"Career Development, Sports, Cultural Events",Sometimes,4,5,4,4,3,"Outgoing, Team-oriented","Relaxation/Stress Relief, Career Development",Weekdays,Afternoon (12pm-4pm),"Business / Entrepreneurship, Artificial Intelligence / Data Science, Designing / Creativity, Environmental & Social Impact","Creativity, Public Speaking, Leadership",i also need it... waiting,Hackathon
7/20/2025 23:25,20/21,Department of Computing,3.99,3,4,5,4,2,2,No,"Career Development, Sports, Cultural Events",Sometimes,4,5,4,4,3,"Outgoing, Team-oriented","Relaxation/Stress Relief, Career Development",Weekdays,Afternoon (12pm-4pm),"Business / Entrepreneurship, Artificial Intelligence / Data Science, Designing / Creativity, Environmental & Social Impact","Creativity, Public Speaking, Leadership",,Hackathon
7/21/2025 0:52,20/21,Department of Computing,2.09,3,3,3,4,1,1,Yes,None,Sometimes,2,3,3,4,5,"Outgoing, Curious and eager to learn","Meeting New People, Learning New Skills",Weekends,Night (After 8pm),"Business / Entrepreneurship, Public Speaking / Soft Skill, Designing / Creativity","Communication, Soft Skills, AI",Misses student creativity.,Career Development
7/21/2025 10:15,21/22,Department of Computing,3.29,2,2,2,3,4,5,No,Sports,Sometimes,1,4,3,2,3,"Outgoing, Team-oriented, Creative","Meeting New People, Relaxation/Stress Relief",Any day,Afternoon (12pm-4pm),"Environmental & Social Impact, Artificial Intelligence / Data Science, Web/App Development","Public Speaking, Communication, Creativity, Soft Skills",Too few time slots.,Tech Meetups
7/21/2025 10:23,22/23,Department of Computing,3.46,2,2,2,3,4,5,No,Sports,Sometimes,1,4,3,2,3,"Outgoing, Team-oriented, Creative","Meeting New People, Relaxation/Stress Relief",Any day,Afternoon (12pm-4pm),"Environmental & Social Impact, Artificial Intelligence / Data Science, Web/App Development","Public Speaking, Communication, Creativity, Soft Skills",Limited flexibility.,Tech Meetups
7/21/2025 10:23,20/21,Department of Computing,3.48,4,5,3,3,4,4,No,"Academic Workshops, Career Development, None",Always,3,1,5,4,2,"Creative, Logical thinker","Fun and Entertainment, Relaxation/Stress Relief",Weekends,Afternoon (12pm-4pm),"Environmental & Social Impact, Public Speaking / Soft Skill, Business / Entrepreneurship, Artificial Intelligence / Data Science","AI, Public Speaking",Doesn’t ask opinions.,Career Development
7/21/2025 11:08,22/23,Department of Computing,3.98,2,5,2,1,5,3,Yes,"Career Development, None",Always,5,1,3,3,3,Creative,"Career Development, Relaxation/Stress Relief, Fun and Entertainment",Weekends,Afternoon (12pm-4pm),"Health and Wellbeing, Designing / Creativity, Environmental & Social Impact, Business / Entrepreneurship","Communication, Creativity",Very engaging.,Social Engaging Activities
7/21/2025 11:36,20/21,Department of Computing,2.06,2,4,4,2,1,1,Yes,"None, Social Service Activities, Tech Meetups",Sometimes,5,1,2,4,5,"Outgoing, Team-oriented, Logical thinker","Meeting New People, Learning New Skills",Any day,Night (After 8pm),"Public Speaking / Soft Skill, Business / Entrepreneurship, Artificial Intelligence / Data Science, Environmental & Social Impact","Public Speaking, Communication",Clear structure.,Hackathon
7/21/2025 13:56,21/22,Department of Computing,2.27,2,3,2,1,4,1,Yes,"Cultural Events, Career Development",Often,1,1,3,1,3,"Curious and eager to learn, Logical thinker",Meeting New People,Any day,Night (After 8pm),"Designing / Creativity, Web/App Development, Environmental & Social Impact, Health and Wellbeing","Creativity, Public Speaking",Career-focused.,Career Development
7/21/2025 15:09,20/21,Department of Computing,2.43,3,2,3,4,3,1,No,"Social Service Activities, None",Rarely,4,3,2,1,4,"Curious and eager to learn, Outgoing, Team-oriented",Career Development,Weekends,Evening (4pm-8pm),"Health and Wellbeing, Business / Entrepreneurship","Communication, Soft Skills",congrats,Social Engaging Activities
7/21/2025 15:35,21/22,Department of Computing,2.31,3,2,1,1,1,2,Yes,Social Service Activities,Sometimes,2,2,4,1,5,Logical thinker,"Fun and Entertainment, Relaxation/Stress Relief, Learning New Skills",Any day,Morning (8am-12pm),"Business / Entrepreneurship, Artificial Intelligence / Data Science","AI, Leadership, Public Speaking, Soft Skills",Helpful for job prep.,Hackathon
7/21/2025 17:59,21/22,Department of Computing,2.67,3,1,5,2,1,2,No,"Social Service Activities, None",Never,2,3,3,3,4,"Curious and eager to learn, Outgoing","Fun and Entertainment, Learning New Skills, Meeting New People",Weekdays,Night (After 8pm),"Business / Entrepreneurship, Designing / Creativity, Health and Wellbeing","Leadership, AI",Could add mock tests.,Hackathon
7/21/2025 18:06,21/22,Department of Computing,3.58,5,2,2,1,1,4,No,"Tech Meetups, Academic Workshops, Cultural Events",Rarely,5,2,4,4,4,"Creative, Curious and eager to learn, Team-oriented","Learning New Skills, Relaxation/Stress Relief",Any day,Afternoon (12pm-4pm),"Designing / Creativity, Environmental & Social Impact, Artificial Intelligence / Data Science, Web/App Development","Soft Skills, AI, Public Speaking",Good idea and Best wishes,Hackathon
7/21/2025 18:13,22/23,Department of Computing,2.66,2,2,2,3,4,5,No,Sports,Sometimes,1,4,3,2,3,"Outgoing, Team-oriented, Creative","Meeting New People, Relaxation/Stress Relief",Any day,Afternoon (12pm-4pm),"Environmental & Social Impact, Artificial Intelligence / Data Science, Web/App Development","Public Speaking, Communication, Creativity, Soft Skills",More advanced topics needed.,Hackathon
7/21/2025 19:35,21/22,Department of Computing,3,4,4,4,1,5,3,No,"Cultural Events, None, Academic Workshops",Often,4,1,5,3,5,"Creative, Logical thinker, Outgoing","Relaxation/Stress Relief, Learning New Skills, Meeting New People",Weekdays,Morning (8am-12pm),"Web/App Development, Health and Wellbeing, Environmental & Social Impact","Creativity, Soft Skills, Leadership",Could include volunteering.,Social Engaging Activities
7/21/2025 19:52,21/22,Department of Computing,2.5,1,1,2,5,1,3,Yes,"Cultural Events, Academic Workshops",Often,3,1,3,2,2,"Outgoing, Curious and eager to learn, Logical thinker","Relaxation/Stress Relief, Meeting New People",Weekdays,Afternoon (12pm-4pm),"Public Speaking / Soft Skill, Artificial Intelligence / Data Science","Communication, Leadership",Add more checkboxes.,Tech Meetups
7/21/2025 19:56,20/21,Department of Computing,2.69,2,3,5,3,3,4,No,"Tech Meetups, Sports",Sometimes,4,3,5,5,4,"Outgoing, Team-oriented, Curious and eager to learn","Fun and Entertainment, Relaxation/Stress Relief, Meeting New People",Any day,Morning (8am-12pm),"Artificial Intelligence / Data Science, Business / Entrepreneurship, Designing / Creativity","Leadership, Communication, Creativity, Public Speaking",Easy to understand.,Hackathon
7/21/2025 20:13,22/23,Department of Computing,3.51,3,1,5,2,1,2,No,"Social Service Activities, None",Never,2,3,3,3,4,"Curious and eager to learn, Outgoing","Fun and Entertainment, Learning New Skills, Meeting New People",Weekdays,Night (After 8pm),"Business / Entrepreneurship, Designing / Creativity, Health and Wellbeing","Leadership, AI",Add food/drink events.,Tech Meetups
7/21/2025 20:20,21/22,Department of Computing,4,3,4,5,4,2,2,No,"Career Development, Sports, Cultural Events",Sometimes,4,5,4,4,3,"Outgoing, Team-oriented","Relaxation/Stress Relief, Career Development",Weekdays,Afternoon (12pm-4pm),"Business / Entrepreneurship, Artificial Intelligence / Data Science, Designing / Creativity, Environmental & Social Impact","Creativity, Public Speaking, Leadership",,Hackathon
7/21/2025 20:42,22/23,Department of Computing,3.12,3,3,3,4,1,1,Yes,None,Sometimes,2,3,3,4,5,"Outgoing, Curious and eager to learn","Meeting New People, Learning New Skills",Weekends,Night (After 8pm),"Business / Entrepreneurship, Public Speaking / Soft Skill, Designing / Creativity","Communication, Soft Skills, AI",Clear questions.,Hackathon
7/21/2025 22:45,22/23,Department of Computing,3.64,5,2,2,1,1,4,No,"Tech Meetups, Academic Workshops, Cultural Events",Rarely,5,2,4,4,4,"Creative, Curious and eager to learn, Team-oriented","Learning New Skills, Relaxation/Stress Relief",Any day,Afternoon (12pm-4pm),"Designing / Creativity, Environmental & Social Impact, Artificial Intelligence / Data Science, Web/App Development","Soft Skills, AI, Public Speaking",Doesn’t inspire.,Tech Meetups
7/21/2025 22:52,21/22,Department of Computing,2.65,4,1,3,3,3,1,No,"None, Academic Workshops, Social Service Activities",Always,4,1,2,5,3,"Logical thinker, Team-oriented, Outgoing",Fun and Entertainment,Any day,Afternoon (12pm-4pm),"Public Speaking / Soft Skill, Designing / Creativity, Environmental & Social Impact","AI, Creativity",Congratulations,Hackathon
7/21/2025 23:25,22/23,Department of Computing,3.5,2,3,2,5,4,5,Yes,"Career Development, None, Sports",Rarely,2,4,5,4,4,Creative,"Relaxation/Stress Relief, Meeting New People",Any day,Afternoon (12pm-4pm),"Designing / Creativity, Health and Wellbeing, Business / Entrepreneurship, Web/App Development","Communication, Leadership, Public Speaking, Creativity",Add group projects.,Career Development
7/22/2025 0:51,21/22,Department of Computing,3.33,1,4,2,3,3,4,No,Tech Meetups,Rarely,5,5,2,3,5,"Outgoing, Logical thinker","Career Development, Fun and Entertainment, Relaxation/Stress Relief",Any day,Morning (8am-12pm),"Artificial Intelligence / Data Science, Public Speaking / Soft Skill","Leadership, Creativity, Communication",,Career Development
7/22/2025 0:54,20/21,Department of Computing,2.18,4,5,4,3,1,3,Yes,"Tech Meetups, Cultural Events",Often,1,3,5,3,1,"Curious and eager to learn, Creative",Career Development,Weekdays,Afternoon (12pm-4pm),"Designing / Creativity, Health and Wellbeing, Artificial Intelligence / Data Science, Environmental & Social Impact","Soft Skills, Communication, Creativity",More career options.,Hackathon
7/22/2025 10:27,21/22,Department of Computing,2.86,3,1,4,3,1,2,Yes,"Tech Meetups, Academic Workshops",Sometimes,3,1,1,2,5,"Curious and eager to learn, Logical thinker","Learning New Skills, Relaxation/Stress Relief, Fun and Entertainment",Weekdays,Night (After 8pm),"Health and Wellbeing, Environmental & Social Impact","Public Speaking, Soft Skills",Doesn’t cover student needs.,Social Engaging Activities
7/22/2025 10:50,21/22,Department of Computing,3.11,4,5,4,3,1,3,Yes,"Tech Meetups, Cultural Events",Often,1,3,5,3,1,"Curious and eager to learn, Creative",Career Development,Weekdays,Afternoon (12pm-4pm),"Designing / Creativity, Health and Wellbeing, Artificial Intelligence / Data Science, Environmental & Social Impact","Soft Skills, Communication, Creativity",Doesn’t allow free answers.,Hackathon
7/22/2025 11:22,22/23,Department of Computing,3.4,3,1,4,2,2,3,No,"Social Service Activities, None",Rarely,3,2,3,1,4,"Curious and eager to learn, Outgoing, Team-oriented",Career Development,Weekends,Evening (4pm-8pm),"Health and Wellbeing, Business / Entrepreneurship","Communication, Soft Skills",Too rigid.,Tech Meetups
7/22/2025 11:46,22/23,Department of Computing,2.92,3,1,5,2,1,2,No,"Social Service Activities, None",Never,2,3,3,3,4,"Curious and eager to learn, Outgoing","Fun and Entertainment, Learning New Skills, Meeting New People",Weekdays,Night (After 8pm),"Business / Entrepreneurship, Designing / Creativity, Health and Wellbeing","Leadership, AI",Limited categories.,Hackathon
7/22/2025 12:01,20/21,Department of Computing,2.4,4,4,4,1,5,3,No,"Cultural Events, None, Academic Workshops",Often,4,1,5,3,5,"Creative, Logical thinker, Outgoing","Relaxation/Stress Relief, Learning New Skills, Meeting New People",Weekdays,Morning (8am-12pm),"Web/App Development, Health and Wellbeing, Environmental & Social Impact","Creativity, Soft Skills, Leadership",Not inclusive.,Career Development
7/22/2025 12:34,21/22,Department of Computing,3.67,1,5,1,5,5,4,Yes,Social Service Activities,Often,5,5,4,2,3,"Creative, Curious and eager to learn",Career Development,Any day,Morning (8am-12pm),"Business / Entrepreneurship, Health and Wellbeing, Artificial Intelligence / Data Science","Soft Skills, Creativity, Communication, Leadership",Smart question flow.,Hackathon
7/22/2025 12:39,22/23,Department of Computing,2.21,4,1,4,3,3,3,Yes,"Tech Meetups, Academic Workshops, Sports",Sometimes,3,5,3,5,2,"Curious and eager to learn, Logical thinker",Relaxation/Stress Relief,Weekdays,Afternoon (12pm-4pm),"Public Speaking / Soft Skill, Artificial Intelligence / Data Science","Creativity, Leadership",Waiting to see the out,Hackathon
7/22/2025 12:55,20/21,Department of Computing,2.96,4,5,4,3,1,3,Yes,"Tech Meetups, Cultural Events",Often,1,3,5,3,1,"Curious and eager to learn, Creative",Career Development,Weekdays,Afternoon (12pm-4pm),"Designing / Creativity, Health and Wellbeing, Artificial Intelligence / Data Science, Environmental & Social Impact","Soft Skills, Communication, Creativity",,Hackathon
7/22/2025 13:24,20/21,Department of Computing,3.44,2,5,1,1,1,2,Yes,"Sports, Tech Meetups",Sometimes,2,1,5,4,2,"Creative, Logical thinker","Fun and Entertainment, Relaxation/Stress Relief, Learning New Skills",Any day,Evening (4pm-8pm),"Health and Wellbeing, Designing / Creativity","Soft Skills, Communication",Smart question flow.,Hackathon
7/22/2025 13:25,22/23,Department of Computing,3.42,3,2,1,1,1,2,Yes,Social Service Activities,Sometimes,2,2,4,1,5,Logical thinker,"Fun and Entertainment, Relaxation/Stress Relief, Learning New Skills",Any day,Morning (8am-12pm),"Business / Entrepreneurship, Artificial Intelligence / Data Science","AI, Leadership, Public Speaking, Soft Skills",Nice categories.,Hackathon
7/22/2025 14:47,21/22,Department of Computing,3.6,2,3,2,5,4,5,Yes,"Career Development, None, Sports",Rarely,2,4,5,4,4,Creative,"Relaxation/Stress Relief, Meeting New People",Any day,Afternoon (12pm-4pm),"Designing / Creativity, Health and Wellbeing, Business / Entrepreneurship, Web/App Development","Communication, Leadership, Public Speaking, Creativity",Covers main topics.,Hackathon
7/22/2025 16:18,21/22,Department of Computing,3.29,3,1,4,2,2,3,No,"Social Service Activities, None",Rarely,3,2,3,1,4,"Curious and eager to learn, Outgoing, Team-oriented",Career Development,Weekends,Evening (4pm-8pm),"Health and Wellbeing, Business / Entrepreneurship","Communication, Soft Skills",Add art/music events.,Tech Meetups
7/22/2025 16:33,20/21,Department of Computing,3.05,2,4,4,2,1,1,Yes,"None, Social Service Activities, Tech Meetups",Sometimes,5,1,2,4,5,"Outgoing, Team-oriented, Logical thinker","Meeting New People, Learning New Skills",Any day,Night (After 8pm),"Public Speaking / Soft Skill, Business / Entrepreneurship, Artificial Intelligence / Data Science, Environmental & Social Impact","Public Speaking, Communication",Need open suggestions box.,Tech Meetups
7/22/2025 17:10,21/22,Department of Computing,2.05,3,1,4,3,1,2,Yes,"Tech Meetups, Academic Workshops",Sometimes,3,1,1,2,5,"Curious and eager to learn, Logical thinker","Learning New Skills, Relaxation/Stress Relief, Fun and Entertainment",Weekdays,Night (After 8pm),"Health and Wellbeing, Environmental & Social Impact","Public Speaking, Soft Skills",Include field trips.,Career Development
7/22/2025 17:23,20/21,Department of Computing,2.73,3,3,3,4,1,1,Yes,None,Sometimes,2,3,3,4,5,"Outgoing, Curious and eager to learn","Meeting New People, Learning New Skills",Weekends,Night (After 8pm),"Business / Entrepreneurship, Public Speaking / Soft Skill, Designing / Creativity","Communication, Soft Skills, AI",Student-friendly.,Tech Meetups
7/22/2025 17:42,21/22,Department of Computing,2.26,4,4,4,1,5,3,No,"Cultural Events, None, Academic Workshops",Often,4,1,5,3,5,"Creative, Logical thinker, Outgoing","Relaxation/Stress Relief, Learning New Skills, Meeting New People",Weekdays,Morning (8am-12pm),"Web/App Development, Health and Wellbeing, Environmental & Social Impact","Creativity, Soft Skills, Leadership",Add mental health activities.,Career Development
7/22/2025 18:46,22/23,Department of Computing,2.94,3,4,5,4,2,2,No,"Career Development, Sports, Cultural Events",Sometimes,4,5,4,4,3,"Outgoing, Team-oriented","Relaxation/Stress Relief, Career Development",Weekdays,Afternoon (12pm-4pm),"Business / Entrepreneurship, Artificial Intelligence / Data Science, Designing / Creativity, Environmental & Social Impact","Creativity, Public Speaking, Leadership",Could include competitions.,Hackathon
7/22/2025 18:54,21/22,Department of Computing,2.04,3,4,5,4,2,2,No,"Career Development, Sports, Cultural Events",Sometimes,4,5,4,4,3,"Outgoing, Team-oriented","Relaxation/Stress Relief, Career Development",Weekdays,Afternoon (12pm-4pm),"Business / Entrepreneurship, Artificial Intelligence / Data Science, Designing / Creativity, Environmental & Social Impact","Creativity, Public Speaking, Leadership",No creativity.,Hackathon
7/22/2025 20:20,20/21,Department of Computing,3.29,1,1,2,5,1,3,Yes,"Cultural Events, Academic Workshops",Often,3,1,3,2,2,"Outgoing, Curious and eager to learn, Logical thinker","Relaxation/Stress Relief, Meeting New People",Weekdays,Afternoon (12pm-4pm),"Public Speaking / Soft Skill, Artificial Intelligence / Data Science","Communication, Leadership",,Career Development
7/22/2025 20:37,22/23,Department of Computing,2.72,4,1,4,3,3,3,Yes,"Tech Meetups, Academic Workshops, Sports",Sometimes,3,5,3,5,2,"Curious and eager to learn, Logical thinker",Relaxation/Stress Relief,Weekdays,Afternoon (12pm-4pm),"Public Speaking / Soft Skill, Artificial Intelligence / Data Science","Creativity, Leadership",Quick to complete.,Career Development
7/22/2025 20:52,21/22,Department of Computing,2.56,3,1,4,3,1,2,Yes,"Tech Meetups, Academic Workshops",Sometimes,3,1,1,2,5,"Curious and eager to learn, Logical thinker","Learning New Skills, Relaxation/Stress Relief, Fun and Entertainment",Weekdays,Night (After 8pm),"Health and Wellbeing, Environmental & Social Impact","Public Speaking, Soft Skills",Missing flexibility.,Social Engaging Activities
7/22/2025 20:58,22/23,Department of Computing,2.12,3,3,3,4,1,1,Yes,None,Sometimes,2,3,3,4,5,"Outgoing, Curious and eager to learn","Meeting New People, Learning New Skills",Weekends,Night (After 8pm),"Business / Entrepreneurship, Public Speaking / Soft Skill, Designing / Creativity","Communication, Soft Skills, AI",,Hackathon
7/22/2025 21:48,21/22,Department of Computing,2.47,2,5,1,1,1,2,Yes,"Sports, Tech Meetups",Sometimes,2,1,5,4,2,"Creative, Logical thinker","Fun and Entertainment, Relaxation/Stress Relief, Learning New Skills",Any day,Evening (4pm-8pm),"Health and Wellbeing, Designing / Creativity","Soft Skills, Communication",Lacks student voice.,Tech Meetups
7/22/2025 21:56,22/23,Department of Computing,2.66,2,2,2,3,4,5,No,Sports,Sometimes,1,4,3,2,3,"Outgoing, Team-oriented, Creative","Meeting New People, Relaxation/Stress Relief",Any day,Afternoon (12pm-4pm),"Environmental & Social Impact, Artificial Intelligence / Data Science, Web/App Development","Public Speaking, Communication, Creativity, Soft Skills",Easy navigation.,Hackathon
7/22/2025 22:42,22/23,Department of Computing,3.64,5,2,2,1,1,4,No,"Tech Meetups, Academic Workshops, Cultural Events",Rarely,5,2,4,4,4,"Creative, Curious and eager to learn, Team-oriented","Learning New Skills, Relaxation/Stress Relief",Any day,Afternoon (12pm-4pm),"Designing / Creativity, Environmental & Social Impact, Artificial Intelligence / Data Science, Web/App Development","Soft Skills, AI, Public Speaking",Looking forward,Hackathon
7/22/2025 23:10,22/23,Department of Computing,3.46,2,2,2,3,4,5,No,Sports,Sometimes,1,4,3,2,3,"Outgoing, Team-oriented, Creative","Meeting New People, Relaxation/Stress Relief",Any day,Afternoon (12pm-4pm),"Environmental & Social Impact, Artificial Intelligence / Data Science, Web/App Development","Public Speaking, Communication, Creativity, Soft Skills",,Hackathon
7/22/2025 23:10,21/22,Department of Computing,2.31,3,2,1,1,1,2,Yes,Social Service Activities,Sometimes,2,2,4,1,5,Logical thinker,"Fun and Entertainment, Relaxation/Stress Relief, Learning New Skills",Any day,Morning (8am-12pm),"Business / Entrepreneurship, Artificial Intelligence / Data Science","AI, Leadership, Public Speaking, Soft Skills",Clear questions.,Tech Meetups
7/22/2025 23:43,22/23,Department of Computing,3.45,4,5,3,3,4,4,No,"Academic Workshops, Career Development, None",Always,3,1,5,4,2,"Creative, Logical thinker","Fun and Entertainment, Relaxation/Stress Relief",Weekends,Afternoon (12pm-4pm),"Environmental & Social Impact, Public Speaking / Soft Skill, Business / Entrepreneurship, Artificial Intelligence / Data Science","AI, Public Speaking",No confusion at all.,Social Engaging Activities
7/22/2025 23:43,21/22,Department of Computing,3.8,5,5,5,1,3,5,Yes,"Tech Meetups, Cultural Events, Career Development",Sometimes,5,2,4,1,4,"Creative, Logical thinker","Fun and Entertainment, Career Development, Learning New Skills",Any day,Afternoon (12pm-4pm),"Environmental & Social Impact, Public Speaking / Soft Skill, Web/App Development","Communication, Creativity, Public Speaking",Well-structured.,Social Engaging Activities
7/23/2025 0:56,22/23,Department of Computing,3.44,1,2,4,4,1,4,Yes,"Cultural Events, Career Development, Sports",Sometimes,3,1,3,3,1,"Creative, Outgoing","Fun and Entertainment, Meeting New People",Weekends,Morning (8am-12pm),"Artificial Intelligence / Data Science, Environmental & Social Impact, Web/App Development, Public Speaking / Soft Skill","Soft Skills, Creativity",,Hackathon
7/23/2025 11:28,22/23,Department of Computing,2.93,1,4,2,3,3,4,No,Tech Meetups,Rarely,5,5,2,3,5,"Outgoing, Logical thinker","Career Development, Fun and Entertainment, Relaxation/Stress Relief",Any day,Morning (8am-12pm),"Artificial Intelligence / Data Science, Public Speaking / Soft Skill","Leadership, Creativity, Communication",Best Wishes,Tech Meetups
7/23/2025 12:51,20/21,Department of Computing,3.16,5,2,2,1,1,4,No,"Tech Meetups, Academic Workshops, Cultural Events",Rarely,5,2,4,4,4,"Creative, Curious and eager to learn, Team-oriented","Learning New Skills, Relaxation/Stress Relief",Any day,Afternoon (12pm-4pm),"Designing / Creativity, Environmental & Social Impact, Artificial Intelligence / Data Science, Web/App Development","Soft Skills, AI, Public Speaking",Useful for event planning.,Hackathon
7/23/2025 13:01,22/23,Department of Computing,3.97,5,5,5,1,3,5,Yes,"Tech Meetups, Cultural Events, Career Development",Sometimes,5,2,4,1,4,"Creative, Logical thinker","Fun and Entertainment, Career Development, Learning New Skills",Any day,Afternoon (12pm-4pm),"Environmental & Social Impact, Public Speaking / Soft Skill, Web/App Development","Communication, Creativity, Public Speaking",Needed more Q&A.,Career Development
 ,,,,,,,,,,,,,,,,,,,,,,,,,
 ,,,,,,,,,,,,,,,,,,,,,,,,,
 ,,,,,,,,,,,,,,,,,,,,,,,,,
 ,,,,,,,,,,,,,,,,,,,,,,,,,
 ,,,,,,,,,,,,,,,,,,,,,,,,,
 ,,,,,,,,,,,,,,,,,,,,,,,,,
 ,,,,,,,,,,,,,,,,,,,,,,,,,
 ,,,,,,,,,,,,,,,,,,,,,,,,,
 ,,,,,,,,,,,,,,,,,,,,,,,,,
 ,,,,,,,,,,,,,,,,,,,,,,,,,
 ,,,,,,,,,,,,,,,,,,,,,,,,,
 ,,,,,,,,,,,,,,,,,,,,,,,,,
 ,,,,,,,,,,,,,,,,,,,,,,,,,
 ,,,,,,,,,,,,,,,,,,,,,,,,,
 ,,,,,,,,,,,,,,,,,,,,,,,,,
,,,,,,,,,,,,,,,,,,,,,,,,,
,,68,,,,,,,,,,,,,,,,,,,,,,,